jd,fid,pid,diffmaglim,pdiffimfilename,programpi,programid,rbversion,nid,rcid,field,magzpsci,magzpsciunc,magzpscirms,clrcoeff,clrcounc,candid,isdiffpos,tblid,xpos,ypos,ra,dec,magpsf,sigmapsf,chipsf,magap,sigmagap,distnr,magnr,sigmagnr,chinr,sharpnr,sky,magdiff,fwhm,classtar,mindtoedge,magfromlim,seeratio,aimage,bimage,aimagerat,bimagerat,elong,nneg,nbad,rb,sumrat,magapbig,sigmagapbig,ranr,decnr,scorr,obj_id
2458423.9652083,1,669465204315,19.40760040283203,/ztf/archive/sci/2018/1101/465185/ztf_20181101465185_000754_zg_c11_o_q4_scimrefdiffimg.fits.fz,Kulkarni,1,t12_f5_c3,,,,,,,,,,,,,,,,,,,,,,,,,,,,,,,,,,,,,,,,,,,,,,,ZTF18acibujg
2458423.9661227,1,669466124315,19.43160057067871,/ztf/archive/sci/2018/1101/466123/ztf_20181101466123_000754_zg_c11_o_q4_scimrefdiffimg.fits.fz,Kulkarni,3,t12_f5_c3,,,,,,,,,,,,,,,,,,,,,,,,,,,,,,,,,,,,,,,,,,,,,,,ZTF18acibujg
2458424.0339815,2,669533984315,19.95549964904785,/ztf/archive/sci/2018/1101/533970/ztf_20181101533970_000754_zr_c11_o_q4_scimrefdiffimg.fits.fz,Kulkarni,3,t12_f5_c3,,,,,,,,,,,,,,,,,,,,,,,,,,,,,,,,,,,,,,,,,,,,,,,ZTF18acibujg
2458424.0395718,2,669539574315,19.940399169921875,/ztf/archive/sci/2018/1101/539560/ztf_20181101539560_000754_zr_c11_o_q4_scimrefdiffimg.fits.fz,Kulkarni,1,t12_f5_c3,,,,,,,,,,,,,,,,,,,,,,,,,,,,,,,,,,,,,,,,,,,,,,,ZTF18acibujg
2458425.9764931,2,671476494315,19.915300369262695,/ztf/archive/sci/2018/1103/476493/ztf_20181103476493_000754_zr_c11_o_q4_scimrefdiffimg.fits.fz,Kulkarni,3,t12_f5_c3,,,,,,,,,,,,,,,,,,,,,,,,,,,,,,,,,,,,,,,,,,,,,,,ZTF18acibujg
2458426.0275,1,671527494315,20.31170082092285,/ztf/archive/sci/2018/1103/527500/ztf_20181103527500_000754_zg_c11_o_q4_scimrefdiffimg.fits.fz,Kulkarni,3,t12_f5_c3,,,,,,,,,,,,,,,,,,,,,,,,,,,,,,,,,,,,,,,,,,,,,,,ZTF18acibujg
2458426.9626968,1,672462694315,20.24650001525879,/ztf/archive/sci/2018/1104/462627/ztf_20181104462627_000754_zg_c11_o_q4_scimrefdiffimg.fits.fz,Kulkarni,1,t12_f5_c3,,,,,,,,,,,,,,,,,,,,,,,,,,,,,,,,,,,,,,,,,,,,,,,ZTF18acibujg
2458426.9692824,1,672469284315,20.40049934387207,/ztf/archive/sci/2018/1104/469282/ztf_20181104469282_000754_zg_c11_o_q4_scimrefdiffimg.fits.fz,Kulkarni,3,t12_f5_c3,,,,,,,,,,,,,,,,,,,,,,,,,,,,,,,,,,,,,,,,,,,,,,,ZTF18acibujg
2458427.0300116,2,672530014315,20.424299240112305,/ztf/archive/sci/2018/1104/530000/ztf_20181104530000_000754_zr_c11_o_q4_scimrefdiffimg.fits.fz,Kulkarni,1,t12_f5_c3,,,,,,,,,,,,,,,,,,,,,,,,,,,,,,,,,,,,,,,,,,,,,,,ZTF18acibujg
2458427.0346759,2,672534674315,20.44099998474121,/ztf/archive/sci/2018/1104/534664/ztf_20181104534664_000754_zr_c11_o_q4_scimrefdiffimg.fits.fz,Kulkarni,3,t12_f5_c3,,,,,,,,,,,,,,,,,,,,,,,,,,,,,,,,,,,,,,,,,,,,,,,ZTF18acibujg
2458427.9759144,2,673475914315,19.80030059814453,/ztf/archive/sci/2018/1105/475903/ztf_20181105475903_000754_zr_c11_o_q4_scimrefdiffimg.fits.fz,Kulkarni,3,t12_f5_c3,,,,,,,,,,,,,,,,,,,,,,,,,,,,,,,,,,,,,,,,,,,,,,,ZTF18acibujg
2458428.0304282,1,673530424315,20.469999313354492,/ztf/archive/sci/2018/1105/530428/ztf_20181105530428_000754_zg_c11_o_q4_scimrefdiffimg.fits.fz,Kulkarni,3,t12_f5_c3,,,,,,,,,,,,,,,,,,,,,,,,,,,,,,,,,,,,,,,,,,,,,,,ZTF18acibujg
2458429.9903819,1,675490384315,20.87849998474121,/ztf/archive/sci/2018/1107/490382/ztf_20181107490382_000754_zg_c11_o_q4_scimrefdiffimg.fits.fz,Kulkarni,1,t12_f5_c3,,,,,,,,,,,,,,,,,,,,,,,,,,,,,,,,,,,,,,,,,,,,,,,ZTF18acibujg
2458429.9936458,1,675493644315,20.885400772094727,/ztf/archive/sci/2018/1107/493634/ztf_20181107493634_000754_zg_c11_o_q4_scimrefdiffimg.fits.fz,Kulkarni,3,t12_f5_c3,,,,,,,,,,,,,,,,,,,,,,,,,,,,,,,,,,,,,,,,,,,,,,,ZTF18acibujg
2458430.0276852,2,675527684315,20.774599075317383,/ztf/archive/sci/2018/1107/527685/ztf_20181107527685_000754_zr_c11_o_q4_scimrefdiffimg.fits.fz,Kulkarni,3,t12_f5_c3,,,,,,,,,,,,,,,,,,,,,,,,,,,,,,,,,,,,,,,,,,,,,,,ZTF18acibujg
2458430.0286343,2,675528634315,20.85890007019043,/ztf/archive/sci/2018/1107/528611/ztf_20181107528611_000754_zr_c11_o_q4_scimrefdiffimg.fits.fz,Kulkarni,1,t12_f5_c3,,,,,,,,,,,,,,,,,,,,,,,,,,,,,,,,,,,,,,,,,,,,,,,ZTF18acibujg
2458430.9853935,2,676485394315,20.42490005493164,/ztf/archive/sci/2018/1108/485394/ztf_20181108485394_000754_zr_c11_o_q4_scimrefdiffimg.fits.fz,Kulkarni,3,t12_f5_c3,,,,,,,,,,,,,,,,,,,,,,,,,,,,,,,,,,,,,,,,,,,,,,,ZTF18acibujg
2458431.0340394,1,676534034315,20.88610076904297,/ztf/archive/sci/2018/1108/534028/ztf_20181108534028_000754_zg_c11_o_q4_scimrefdiffimg.fits.fz,Kulkarni,3,t12_f5_c3,,,,,,,,,,,,,,,,,,,,,,,,,,,,,,,,,,,,,,,,,,,,,,,ZTF18acibujg
2458431.9872569,1,677487254315,19.882999420166016,/ztf/archive/sci/2018/1109/487257/ztf_20181109487257_000754_zg_c11_o_q4_scimrefdiffimg.fits.fz,Kulkarni,3,t12_f5_c3,,,,,,,,,,,,,,,,,,,,,,,,,,,,,,,,,,,,,,,,,,,,,,,ZTF18acibujg
2458432.0376273,2,677537624315,19.881799697875977,/ztf/archive/sci/2018/1109/537616/ztf_20181109537616_000754_zr_c11_o_q4_scimrefdiffimg.fits.fz,Kulkarni,3,t12_f5_c3,,,,,,,,,,,,,,,,,,,,,,,,,,,,,,,,,,,,,,,,,,,,,,,ZTF18acibujg
2458432.9703009,1,678470304315,20.38330078125,/ztf/archive/sci/2018/1110/470278/ztf_20181110470278_000754_zg_c11_o_q4_scimrefdiffimg.fits.fz,Kulkarni,3,t12_f5_c3,,,,,,,,,,,,,,,,,,,,,,,,,,,,,,,,,,,,,,,,,,,,,,,ZTF18acibujg
2458432.9712384,1,678471234315,20.36199951171875,/ztf/archive/sci/2018/1110/471227/ztf_20181110471227_000754_zg_c11_o_q4_scimrefdiffimg.fits.fz,Kulkarni,1,t12_f5_c3,,,,,,,,,,,,,,,,,,,,,,,,,,,,,,,,,,,,,,,,,,,,,,,ZTF18acibujg
2458433.0275579,2,678527554315,20.414100646972656,/ztf/archive/sci/2018/1110/527546/ztf_20181110527546_000754_zr_c11_o_q4_scimrefdiffimg.fits.fz,Kulkarni,1,t12_f5_c3,,,,,,,,,,,,,,,,,,,,,,,,,,,,,,,,,,,,,,,,,,,,,,,ZTF18acibujg
2458433.0446065,2,678544604315,20.336299896240234,/ztf/archive/sci/2018/1110/544595/ztf_20181110544595_000754_zr_c11_o_q4_scimrefdiffimg.fits.fz,Kulkarni,3,t12_f5_c3,,,,,,,,,,,,,,,,,,,,,,,,,,,,,,,,,,,,,,,,,,,,,,,ZTF18acibujg
2458833.9478704,2,1079447874315,19.461999893188477,/ztf/archive/sci/2019/1216/447870/ztf_20191216447870_000754_zr_c11_o_q4_scimrefdiffimg.fits.fz,Kulkarni,1,t17_f5_c3,1079.0,43.0,754.0,26.34670066833496,2.687880078156013e-05,0.03259560093283653,0.12559400498867035,3.7340800190577284e-05,,,,,,,,,,,,,,,,,,,,,,,,,,,,,,,,,,,,,,,ZTF18acibujg
2458834.0593981,1,1079559391015,19.085500717163086,/ztf/archive/sci/2019/1216/559398/ztf_20191216559398_001791_zg_c03_o_q3_scimrefdiffimg.fits.fz,Kulkarni,2,t17_f5_c3,1079.0,10.0,1791.0,26.314899444580078,0.00013371900422498584,0.0459120012819767,-0.056958600878715515,0.0002700700133573264,,,,,,,,,,,,,,,,,,,,,,,,,,,,,,,,,,,,,,,ZTF18acibujg
2458834.0603125,1,1079560314315,19.072399139404297,/ztf/archive/sci/2019/1216/560312/ztf_20191216560312_000754_zg_c11_o_q4_scimrefdiffimg.fits.fz,Kulkarni,1,t17_f5_c3,1079.0,43.0,754.0,26.382999420166016,0.00012223700468894094,0.041954100131988525,-0.05003029853105545,0.00027925800532102585,,,,,,,,,,,,,,,,,,,,,,,,,,,,,,,,,,,,,,,ZTF18acibujg
2458837.0084144,2,1082508414315,20.36079978942871,/ztf/archive/sci/2019/1219/508391/ztf_20191219508391_000754_zr_c11_o_q4_scimrefdiffimg.fits.fz,Kulkarni,1,t17_f5_c3,1082.0,43.0,754.0,26.367599487304688,1.7831700461101718e-05,0.02655559964478016,0.12041299790143967,2.472300002409611e-05,,,,,,,,,,,,,,,,,,,,,,,,,,,,,,,,,,,,,,,ZTF18acibujg
2458837.0567361,1,1082556734315,20.420799255371094,/ztf/archive/sci/2019/1219/556736/ztf_20191219556736_000754_zg_c11_o_q4_scimrefdiffimg.fits.fz,Kulkarni,1,t17_f5_c3,1082.0,43.0,754.0,26.375900268554688,2.778690031846054e-05,0.03310089930891991,-0.07223910093307495,3.888490027748048e-05,,,,,,,,,,,,,,,,,,,,,,,,,,,,,,,,,,,,,,,ZTF18acibujg
2458837.0732176,1,1082573211015,19.857099533081055,/ztf/archive/sci/2019/1219/573218/ztf_20191219573218_001791_zg_c03_o_q3_scimrefdiffimg.fits.fz,Kulkarni,2,t17_f5_c3,1082.0,10.0,1791.0,26.402099609375,4.9390200729249045e-05,0.04216809943318367,-0.12648099660873413,7.28325976524502e-05,,,,,,,,,,,,,,,,,,,,,,,,,,,,,,,,,,,,,,,ZTF18acibujg
2458837.0741204,1,1082574124315,19.892499923706055,/ztf/archive/sci/2019/1219/574120/ztf_20191219574120_000754_zg_c11_o_q4_scimrefdiffimg.fits.fz,Kulkarni,1,t17_f5_c3,1082.0,43.0,754.0,26.37019920349121,3.365390148246661e-05,0.035050299018621445,-0.07301259785890579,5.3452600695891306e-05,,,,,,,,,,,,,,,,,,,,,,,,,,,,,,,,,,,,,,,ZTF18acibujg
2458838.0086111,1,1083508614315,19.921499252319336,/ztf/archive/sci/2019/1220/508600/ztf_20191220508600_000754_zg_c11_o_q4_scimrefdiffimg.fits.fz,Kulkarni,1,t17_f5_c3,1083.0,43.0,754.0,26.344900131225586,5.0622300477698445e-05,0.03948500007390976,-0.04063890129327774,9.103259799303487e-05,,,,,,,,,,,,,,,,,,,,,,,,,,,,,,,,,,,,,,,ZTF18acibujg
2458838.0346412,3,1083534644315,20.212299346923828,/ztf/archive/sci/2019/1220/534549/ztf_20191220534549_000754_zi_c11_o_q4_scimrefdiffimg.fits.fz,Kulkarni,2,t17_f5_c3,1083.0,43.0,754.0,27.040199279785156,3.7272000099619618e-06,0.01841139979660511,0.1879269927740097,1.3372499779507052e-05,,,,,,,,,,,,,,,,,,,,,,,,,,,,,,,,,,,,,,,ZTF18acibujg
2458839.0348843,3,1084534884315,18.602500915527344,/ztf/archive/sci/2019/1221/534792/ztf_20191221534792_000754_zi_c11_o_q4_scimrefdiffimg.fits.fz,Kulkarni,2,t17_f5_c3,1084.0,43.0,754.0,25.733200073242188,1.0877400200115517e-05,0.029997000470757484,0.1881289929151535,3.714050035341643e-05,,,,,,,,,,,,,,,,,,,,,,,,,,,,,,,,,,,,,,,ZTF18acibujg
2458846.9661574,2,1092466154315,20.76289939880371,/ztf/archive/sci/2019/1229/466157/ztf_20191229466157_000754_zr_c11_o_q4_scimrefdiffimg.fits.fz,Kulkarni,1,t17_f5_c3,1092.0,43.0,754.0,26.411500930786133,1.6829100786708295e-05,0.025805499404668808,0.11123000085353851,2.3292899641091935e-05,,,,,,,,,,,,,,,,,,,,,,,,,,,,,,,,,,,,,,,ZTF18acibujg
2458847.0312153,3,1092531214315,20.586999893188477,/ztf/archive/sci/2019/1229/531100/ztf_20191229531100_000754_zi_c11_o_q4_scimrefdiffimg.fits.fz,Kulkarni,2,t17_f5_c3,1092.0,43.0,754.0,27.064199447631836,3.6158799048280343e-06,0.018354199826717377,0.1868710070848465,1.2877500012109522e-05,,,,,,,,,,,,,,,,,,,,,,,,,,,,,,,,,,,,,,,ZTF18acibujg
2458849.9494097,2,1095449404315,20.574399948120117,/ztf/archive/sci/2020/0101/449375/ztf_20200101449375_000754_zr_c11_o_q4_scimrefdiffimg.fits.fz,Kulkarni,1,t17_f5_c3,1095.0,43.0,754.0,26.406600952148438,1.4992700016591698e-05,0.024086499586701393,0.11417199671268463,2.0685200070147403e-05,,,,,,,,,,,,,,,,,,,,,,,,,,,,,,,,,,,,,,,ZTF18acibujg
2458850.0110648,1,1095511064315,20.90730094909668,/ztf/archive/sci/2020/0101/511030/ztf_20200101511030_000754_zg_c11_o_q4_scimrefdiffimg.fits.fz,Kulkarni,1,t17_f5_c3,1095.0,43.0,754.0,26.403200149536133,3.4200700611108914e-05,0.03661369904875755,-0.11944399774074554,4.703969898400828e-05,,,,,,,,,,,,,,,,,,,,,,,,,,,,,,,,,,,,,,,ZTF18acibujg
2458852.0382639,1,1097538261015,20.055500030517578,/ztf/archive/sci/2020/0103/538264/ztf_20200103538264_001791_zg_c03_o_q3_scimrefdiffimg.fits.fz,Kulkarni,2,t17_f5_c3,1097.0,10.0,1791.0,26.055500030517578,4.783249823958613e-05,0.042493101209402084,-0.07499569654464722,6.420240242732689e-05,,,,,,,,,,,,,,,,,,,,,,,,,,,,,,,,,,,,,,,ZTF18acibujg
2458852.0387153,1,1097538714315,20.042699813842773,/ztf/archive/sci/2020/0103/538715/ztf_20200103538715_000754_zg_c11_o_q4_scimrefdiffimg.fits.fz,Kulkarni,1,t17_f5_c3,1097.0,43.0,754.0,26.054500579833984,4.9808000767370686e-05,0.042098499834537506,-0.07485239952802658,8.022470137802884e-05,,,,,,,,,,,,,,,,,,,,,,,,,,,,,,,,,,,,,,,ZTF18acibujg
2458853.0393403,1,1098539344315,20.94580078125,/ztf/archive/sci/2020/0104/539340/ztf_20200104539340_000754_zg_c11_o_q4_scimrefdiffimg.fits.fz,Kulkarni,1,t17_f5_c3,1098.0,43.0,754.0,26.40399932861328,4.095939948456362e-05,0.039629001170396805,-0.11265899986028671,5.620389856630936e-05,,,,,,,,,,,,,,,,,,,,,,,,,,,,,,,,,,,,,,,ZTF18acibujg
2458853.0520833,2,1098552084315,20.704700469970703,/ztf/archive/sci/2020/0104/552072/ztf_20200104552072_000754_zr_c11_o_q4_scimrefdiffimg.fits.fz,Kulkarni,1,t17_f5_c3,1098.0,43.0,754.0,26.39859962463379,1.766360037436243e-05,0.026270799338817596,0.11803100258111954,2.4460399799863808e-05,,,,,,,,,,,,,,,,,,,,,,,,,,,,,,,,,,,,,,,ZTF18acibujg
2458854.9576273,2,1100457624315,19.910200119018555,/ztf/archive/sci/2020/0106/457627/ztf_20200106457627_000754_zr_c11_o_q4_scimrefdiffimg.fits.fz,Kulkarni,1,t17_f5_c3,1100.0,43.0,754.0,26.37019920349121,3.6635501601267606e-05,0.03773140162229538,0.12245000153779984,5.061690171714872e-05,1.100457624315015e+18,t,7.0,2663.39990234375,1240.4200439453125,174.9112162,48.3458408,19.792200088500977,0.25951600074768066,1.4394999742507935,19.65399932861328,0.21660000085830688,0.4360550045967102,17.107999801635742,0.05900000035762787,5.248000144958496,0.35199999809265137,0.851826012134552,-0.13822099566459656,1.9883500337600708,0.3799999952316284,409.0989990234375,0.25617098808288574,2.0,1.0920000076293945,0.9259999990463257,0.5491979718208313,0.4657120108604431,1.1792700290679932,3.0,0.0,0.7742859721183777,1.0,19.712200164794922,0.28299999237060547,174.9110407,48.3458028,6.28938,ZTF18acibujg
2458855.0275694,1,1100527561015,19.80590057373047,/ztf/archive/sci/2020/0106/527558/ztf_20200106527558_001791_zg_c03_o_q3_scimrefdiffimg.fits.fz,Kulkarni,2,t17_f5_c3,1100.0,10.0,1791.0,26.346399307250977,5.768270057160407e-05,0.04007460176944733,-0.05918649956583977,0.00011164700117660686,,,,,,,,,,,,,,,,,,,,,,,,,,,,,,,,,,,,,,,ZTF18acibujg
2458855.0280093,1,1100528004315,19.713600158691406,/ztf/archive/sci/2020/0106/528009/ztf_20200106528009_000754_zg_c11_o_q4_scimrefdiffimg.fits.fz,Kulkarni,1,t17_f5_c3,1100.0,43.0,754.0,26.334800720214844,7.773870311211795e-05,0.03961930051445961,-0.04306989908218384,0.00016273600340355188,,,,,,,,,,,,,,,,,,,,,,,,,,,,,,,,,,,,,,,ZTF18acibujg
2458855.8723495,2,1101372344315,19.873899459838867,/ztf/archive/sci/2020/0107/372315/ztf_20200107372315_000754_zr_c11_o_q4_scimrefdiffimg.fits.fz,Kulkarni,2,t17_f5_c3,1101.0,43.0,754.0,26.351699829101562,2.1236599422991276e-05,0.028701400384306908,0.1333409994840622,2.9683100365218706e-05,,,,,,,,,,,,,,,,,,,,,,,,,,,,,,,,,,,,,,,ZTF18acibujg
2458855.8795833,3,1101379584315,19.74530029296875,/ztf/archive/sci/2020/0107/379583/ztf_20200107379583_000754_zi_c11_o_q4_scimrefdiffimg.fits.fz,Kulkarni,2,t17_f5_c3,1101.0,43.0,754.0,25.82069969177246,4.8950801101455e-06,0.021334299817681313,0.18553799390792847,1.7413800378562883e-05,,,,,,,,,,,,,,,,,,,,,,,,,,,,,,,,,,,,,,,ZTF18acibujg
2458855.9019792,3,1101401974315,19.904699325561523,/ztf/archive/sci/2020/0107/401956/ztf_20200107401956_000754_zi_c11_o_q4_scimrefdiffimg.fits.fz,Kulkarni,2,t17_f5_c3,1101.0,43.0,754.0,25.832599639892578,4.510990038397722e-06,0.02041180059313774,0.19155800342559814,1.6006799341994338e-05,,,,,,,,,,,,,,,,,,,,,,,,,,,,,,,,,,,,,,,ZTF18acibujg
2458855.9465972,1,1101446594315,19.913299560546875,/ztf/archive/sci/2020/0107/446551/ztf_20200107446551_000754_zg_c11_o_q4_scimrefdiffimg.fits.fz,Kulkarni,2,t17_f5_c3,1101.0,43.0,754.0,26.363000869750977,4.6352099161595106e-05,0.040655601769685745,-0.04919720068573952,7.401579932775348e-05,,,,,,,,,,,,,,,,,,,,,,,,,,,,,,,,,,,,,,,ZTF18acibujg
2458855.9726852,1,1101472684315,20.296100616455078,/ztf/archive/sci/2020/0107/472685/ztf_20200107472685_000754_zg_c11_o_q4_scimrefdiffimg.fits.fz,Kulkarni,2,t17_f5_c3,1101.0,43.0,754.0,26.384300231933594,3.348239988554269e-05,0.03595219925045967,-0.08099109679460526,4.899889972875826e-05,1.101472684315015e+18,t,1.0,2658.47998046875,1237.6099853515625,174.9113941,48.3458143,19.7322998046875,0.1614840030670166,1.5498299598693848,19.635900497436523,0.2151000052690506,0.7547469735145569,18.006999969482422,0.06300000101327896,5.234000205993652,0.4699999988079071,0.7262930274009705,-0.09638500213623047,2.859999895095825,0.949999988079071,414.02398681640625,0.6601510047912598,0.9003990292549133,0.8130000233650208,0.7860000133514404,0.28426599502563477,0.27482500672340393,1.034350037574768,3.0,0.0,0.9714289903640747,1.0,19.721200942993164,0.29409998655319214,174.9110769,48.3458397,7.41383,ZTF18acibujg
2458856.0118287,1,1101511824315,20.68199920654297,/ztf/archive/sci/2020/0107/511829/ztf_20200107511829_000754_zg_c11_o_q4_scimrefdiffimg.fits.fz,Kulkarni,1,t17_f5_c3,1101.0,43.0,754.0,26.393299102783203,3.6754499888047576e-05,0.0377935990691185,-0.11534299701452255,5.0850401748903096e-05,1.101511824315015e+18,t,7.0,2679.860107421875,1243.780029296875,174.9112196,48.3457961,19.9512996673584,0.17024299502372742,1.5417799949645996,19.58289909362793,0.14309999346733093,0.3711180090904236,18.006999969482422,0.06300000101327896,5.234000205993652,0.4699999988079071,0.5591359734535217,-0.36839500069618225,2.3499999046325684,0.8019999861717224,392.6390075683594,1.0991100072860718,1.169510006904602,0.9179999828338623,0.7319999933242798,0.39063799381256104,0.3114889860153198,1.25409996509552,3.0,0.0,0.8985710144042969,0.9929310083389282,19.568300247192383,0.1753000020980835,174.9110769,48.3458397,6.80471,ZTF18acibujg
2458859.8074421,2,1105307444315,19.227699279785156,/ztf/archive/sci/2020/0111/307442/ztf_20200111307442_000754_zr_c11_o_q4_scimrefdiffimg.fits.fz,Kulkarni,1,t17_f5_c3,1105.0,43.0,754.0,26.318599700927734,4.608040035236627e-05,0.042389899492263794,0.1067809984087944,6.42457016510889e-05,,,,,,,,,,,,,,,,,,,,,,,,,,,,,,,,,,,,,,,ZTF18acibujg
2458859.8869097,3,1105386904315,19.309900283813477,/ztf/archive/sci/2020/0111/386910/ztf_20200111386910_000754_zi_c11_o_q4_scimrefdiffimg.fits.fz,Kulkarni,2,t17_f5_c3,1105.0,43.0,754.0,25.822799682617188,6.595919785468141e-06,0.024734899401664734,0.18160200119018555,2.3278100343304686e-05,,,,,,,,,,,,,,,,,,,,,,,,,,,,,,,,,,,,,,,ZTF18acibujg
2458859.9008333,3,1105400834315,19.44890022277832,/ztf/archive/sci/2020/0111/400833/ztf_20200111400833_000754_zi_c11_o_q4_scimrefdiffimg.fits.fz,Kulkarni,2,t17_f5_c3,1105.0,43.0,754.0,25.80929946899414,9.859900274022948e-06,0.030083900317549706,0.18052799999713898,3.482009924482554e-05,,,,,,,,,,,,,,,,,,,,,,,,,,,,,,,,,,,,,,,ZTF18acibujg
2458859.9571065,2,1105457104315,19.755599975585938,/ztf/archive/sci/2020/0111/457083/ztf_20200111457083_000754_zr_c11_o_q4_scimrefdiffimg.fits.fz,Kulkarni,2,t17_f5_c3,1105.0,43.0,754.0,26.384000778198242,2.3237700588651933e-05,0.029989199712872505,0.1178629994392395,3.1997999030863866e-05,,,,,,,,,,,,,,,,,,,,,,,,,,,,,,,,,,,,,,,ZTF18acibujg
2458859.9745833,2,1105474584315,19.883899688720703,/ztf/archive/sci/2020/0111/474583/ztf_20200111474583_000754_zr_c11_o_q4_scimrefdiffimg.fits.fz,Kulkarni,1,t17_f5_c3,1105.0,43.0,754.0,26.408599853515625,2.5578799977665767e-05,0.03164210170507431,0.1083260029554367,3.527290027705021e-05,1.105474584315015e+18,t,3.0,2658.52001953125,1254.8699951171875,174.9113535,48.3458043,19.30660057067871,0.1449580043554306,2.5364599227905273,19.475900650024414,0.32010000944137573,0.7391330003738403,17.107999801635742,0.05900000035762787,5.248000144958496,0.35199999809265137,0.6832829713821411,0.1693190038204193,1.0735900402069092,0.9980000257492065,413.9830017089844,0.40796300768852234,2.0,0.5609999895095825,0.47200000286102295,0.5225470066070557,0.43964698910713196,1.1885600090026855,5.0,0.0,0.86142897605896,0.9864569902420044,19.249399185180664,0.3303999900817871,174.9110407,48.3458028,5.4379,ZTF18acibujg
2458859.9754861,2,1105475484315,19.834199905395508,/ztf/archive/sci/2020/0111/475486/ztf_20200111475486_000754_zr_c11_o_q4_scimrefdiffimg.fits.fz,Kulkarni,2,t17_f5_c3,1105.0,43.0,754.0,26.367399215698242,1.767779940564651e-05,0.026022300124168396,0.11455599963665009,2.4322400349774398e-05,1.105475484315015e+18,t,5.0,2658.7099609375,1254.5999755859375,174.911372,48.345787,19.3794002532959,0.17887499928474426,1.6992100477218628,19.328399658203125,0.28940001130104065,0.784758985042572,17.107999801635742,0.05900000035762787,5.248000144958496,0.35199999809265137,0.2914389967918396,-0.050964001566171646,1.0867400169372559,0.9919999837875366,413.7900085449219,0.5057550072669983,2.0,0.7009999752044678,0.515999972820282,0.6450459957122803,0.4748130142688751,1.358530044555664,8.0,0.0,0.8299999833106995,0.9332489967346191,19.779499053955078,0.5564000010490417,174.9110407,48.3458028,5.01915,ZTF18acibujg
2458860.0305093,1,1105530504315,19.4591007232666,/ztf/archive/sci/2020/0111/530509/ztf_20200111530509_000754_zg_c11_o_q4_scimrefdiffimg.fits.fz,Kulkarni,1,t17_f5_c3,1105.0,43.0,754.0,26.378299713134766,6.462109740823507e-05,0.045022398233413696,-0.037600498646497726,0.00012045299808960408,,,,,,,,,,,,,,,,,,,,,,,,,,,,,,,,,,,,,,,ZTF18acibujg
2458860.031412,1,1105531414315,19.34269905090332,/ztf/archive/sci/2020/0111/531412/ztf_20200111531412_000754_zg_c11_o_q4_scimrefdiffimg.fits.fz,Kulkarni,2,t17_f5_c3,1105.0,43.0,754.0,26.401899337768555,6.81097008055076e-05,0.04573030024766922,-0.057476699352264404,0.00012742499529849738,1.105531414315015e+18,t,0.0,2644.4599609375,1260.050048828125,174.9113803,48.3457758,19.285900115966797,0.20716799795627594,0.945222020149231,19.314300537109375,0.34439998865127563,0.7519559860229492,18.006999969482422,0.06300000101327896,5.234000205993652,0.4699999988079071,-1.0536199808120728,0.028423000127077103,2.5199999809265137,0.7450000047683716,428.0409851074219,0.028396999463438988,1.0960700511932373,0.7490000128746033,0.6520000100135803,0.29722198843955994,0.2587299942970276,1.1487699747085571,5.0,0.0,0.9571430087089539,0.9730640053749084,19.3617000579834,0.4611999988555908,174.9110769,48.3458397,6.98066,ZTF18acibujg
2458860.8643403,2,1106364344315,19.37179946899414,/ztf/archive/sci/2020/0112/364340/ztf_20200112364340_000754_zr_c11_o_q4_scimrefdiffimg.fits.fz,Kulkarni,2,t17_f5_c3,1106.0,43.0,754.0,26.350900650024414,2.862069959519431e-05,0.03359299898147583,0.12000799924135208,3.9286900573642924e-05,1.106364344315015e+18,t,2.0,2650.14990234375,1236.8399658203125,174.9113488,48.3457953,19.236900329589844,0.19176700711250305,1.3050700426101685,18.76420021057129,0.21469999849796295,0.7282260060310364,17.107999801635742,0.05900000035762787,5.248000144958496,0.35199999809265137,0.9000049829483032,-0.47271499037742615,1.317870020866394,0.953000009059906,422.3450012207031,0.60760498046875,2.0,0.8930000066757202,0.6539999842643738,0.6776080131530762,0.4962550103664398,1.365440011024475,6.0,0.0,0.7328569889068604,0.9706090092658997,18.81760025024414,0.2874999940395355,174.9110407,48.3458028,6.39956,ZTF18acibujg
2458860.886956,2,1106386954315,19.639299392700195,/ztf/archive/sci/2020/0112/386933/ztf_20200112386933_000754_zr_c11_o_q4_scimrefdiffimg.fits.fz,Kulkarni,2,t17_f5_c3,1106.0,43.0,754.0,26.37540054321289,2.535639941925183e-05,0.031484201550483704,0.11444500088691711,3.4951801353599876e-05,,,,,,,,,,,,,,,,,,,,,,,,,,,,,,,,,,,,,,,ZTF18acibujg
2458861.8123611,2,1107312364315,19.158899307250977,/ztf/archive/sci/2020/0113/312326/ztf_20200113312326_000754_zr_c11_o_q4_scimrefdiffimg.fits.fz,Kulkarni,2,t17_f5_c3,1107.0,43.0,754.0,26.298599243164062,3.31347000610549e-05,0.03578510135412216,0.14035700261592865,4.607010123436339e-05,,,,,,,,,,,,,,,,,,,,,,,,,,,,,,,,,,,,,,,ZTF18acibujg
2458861.8219907,2,1107321994315,19.082700729370117,/ztf/archive/sci/2020/0113/321991/ztf_20200113321991_000754_zr_c11_o_q4_scimrefdiffimg.fits.fz,Kulkarni,2,t17_f5_c3,1107.0,43.0,754.0,26.338600158691406,4.840860128751956e-05,0.041720498353242874,0.12183000147342682,6.783870048820972e-05,,,,,,,,,,,,,,,,,,,,,,,,,,,,,,,,,,,,,,,ZTF18acibujg
2458861.879838,3,1107379834315,19.644899368286133,/ztf/archive/sci/2020/0113/379838/ztf_20200113379838_000754_zi_c11_o_q4_scimrefdiffimg.fits.fz,Kulkarni,2,t17_f5_c3,1107.0,43.0,754.0,27.025100708007812,3.83456017516437e-06,0.018811499699950218,0.18661199510097504,1.3513200428860728e-05,,,,,,,,,,,,,,,,,,,,,,,,,,,,,,,,,,,,,,,ZTF18acibujg
2458861.9228704,3,1107422874315,19.74970054626465,/ztf/archive/sci/2020/0113/422824/ztf_20200113422824_000754_zi_c11_o_q4_scimrefdiffimg.fits.fz,Kulkarni,2,t17_f5_c3,1107.0,43.0,754.0,27.028400421142578,4.571919816953596e-06,0.020519299432635307,0.19028200209140778,1.6510699424543418e-05,,,,,,,,,,,,,,,,,,,,,,,,,,,,,,,,,,,,,,,ZTF18acibujg
2458861.9454051,1,1107445404315,19.152599334716797,/ztf/archive/sci/2020/0113/445382/ztf_20200113445382_000754_zg_c11_o_q4_scimrefdiffimg.fits.fz,Kulkarni,2,t17_f5_c3,1107.0,43.0,754.0,26.378400802612305,5.774569945060648e-05,0.03580750152468681,-0.055179301649332047,0.00011798399646067992,1.107445404315015e+18,t,2.0,2656.10009765625,1263.4300537109375,174.9114665,48.3457917,19.146400451660156,0.18518799543380737,0.9433169960975647,19.53569984436035,0.3815999925136566,0.9360340237617493,18.006999969482422,0.06300000101327896,5.234000205993652,0.4699999988079071,-0.037693001329898834,0.38932400941848755,2.3499999046325684,0.9160000085830688,416.39599609375,-0.38309699296951294,1.5511800050735474,1.0190000534057617,0.9980000257492065,0.4336169958114624,0.42468100786209106,1.0210399627685547,3.0,0.0,0.7699999809265137,1.0,19.565000534057617,0.5023999810218811,174.9110769,48.3458397,5.99241,ZTF18acibujg
2458861.9747801,1,1107474784315,19.04990005493164,/ztf/archive/sci/2020/0113/474780/ztf_20200113474780_000754_zg_c11_o_q4_scimrefdiffimg.fits.fz,Kulkarni,2,t17_f5_c3,1107.0,43.0,754.0,26.36750030517578,9.738180233398452e-05,0.04343070089817047,-0.047688499093055725,0.0002164309989893809,1.107474784315015e+18,t,1.0,2655.409912109375,1262.219970703125,174.911279,48.3457203,19.267499923706055,0.2734209895133972,1.2286100387573242,19.61400032043457,0.4108999967575073,0.6386479735374451,18.006999969482422,0.06300000101327896,5.234000205993652,0.4699999988079071,0.009263000451028347,0.3464910089969635,3.180000066757202,0.703000009059906,417.0870056152344,-0.5641390085220337,1.2594900131225586,1.6059999465942383,1.1950000524520874,0.5050309896469116,0.3757860064506531,1.3439300060272217,4.0,0.0,0.42428600788116455,1.0,19.382400512695312,0.42500001192092896,174.9110769,48.3458397,6.13937,ZTF18acibujg
2458862.8666435,2,1108366644315,19.60460090637207,/ztf/archive/sci/2020/0114/366632/ztf_20200114366632_000754_zr_c11_o_q4_scimrefdiffimg.fits.fz,Kulkarni,2,t17_f5_c3,1108.0,43.0,754.0,26.350400924682617,2.08648998523131e-05,0.02885659970343113,0.12153799831867218,2.927129935414996e-05,1.108366644315015e+18,1,5.0,2657.429931640625,1211.75,174.9114023,48.3459026,19.07539939880371,0.13272599875926971,1.6822500228881836,19.105199813842773,0.21940000355243683,0.9250360131263733,17.107999801635742,0.05900000035762787,5.248000144958496,0.35199999809265137,-0.21500800549983978,0.02984599955379963,1.4501999616622925,0.9620000123977661,415.0679931640625,0.4993560016155243,2.0,0.9169999957084656,0.8230000138282776,0.6323260068893433,0.5675070285797119,1.1142200231552124,6.0,0.0,0.9214289784431458,0.9887570142745972,18.969200134277344,0.24549999833106995,174.9110407,48.3458028,5.40134,ZTF18acibujg
2458862.8930556,2,1108393054315,19.540700912475586,/ztf/archive/sci/2020/0114/393056/ztf_20200114393056_000754_zr_c11_o_q4_scimrefdiffimg.fits.fz,Kulkarni,1,t17_f5_c3,1108.0,43.0,754.0,26.358800888061523,2.6770800104714e-05,0.03241410106420517,0.1213809996843338,3.749579991563223e-05,1.108393054315015e+18,1,2.0,2666.989990234375,1222.699951171875,174.911329,48.3458176,19.00979995727539,0.13357099890708923,1.1540299654006958,18.907400131225586,0.17759999632835388,0.6828809976577759,17.107999801635742,0.05900000035762787,5.248000144958496,0.35199999809265137,-0.25752800703048706,-0.10241000354290009,3.309999942779541,0.9909999966621399,405.5060119628906,0.6333069801330566,0.9603689908981323,1.121999979019165,0.9940000176429749,0.3389729857444763,0.30030199885368347,1.1287699937820435,2.0,0.0,0.9100000262260437,1.0,18.88360023498535,0.22010000050067902,174.9110407,48.3458028,9.28661,ZTF18acibujg
2458862.8666435,2,1108366644315,19.60460090637207,/ztf/archive/sci/2020/0114/366632/ztf_20200114366632_000754_zr_c11_o_q4_scimrefdiffimg.fits.fz,Kulkarni,2,t17_f5_c3,1108.0,43.0,754.0,26.350400924682617,2.08648998523131e-05,0.02885659970343113,0.12153799831867218,2.927129935414996e-05,1.108366644315015e+18,t,5.0,2657.429931640625,1211.75,174.9114023,48.3459026,19.07539939880371,0.13272599875926971,1.6822500228881836,19.105199813842773,0.21940000355243683,0.9250360131263733,17.107999801635742,0.05900000035762787,5.248000144958496,0.35199999809265137,-0.21500800549983978,0.02984599955379963,1.4501999616622925,0.9620000123977661,415.0679931640625,0.4993560016155243,2.0,0.9169999957084656,0.8230000138282776,0.6323260068893433,0.5675070285797119,1.1142200231552124,6.0,0.0,0.9214289784431458,0.9887570142745972,18.969200134277344,0.24549999833106995,174.9110407,48.3458028,5.40134,ZTF18acibujg
2458862.8930556,2,1108393054315,19.540700912475586,/ztf/archive/sci/2020/0114/393056/ztf_20200114393056_000754_zr_c11_o_q4_scimrefdiffimg.fits.fz,Kulkarni,1,t17_f5_c3,1108.0,43.0,754.0,26.358800888061523,2.6770800104714e-05,0.03241410106420517,0.1213809996843338,3.749579991563223e-05,1.108393054315015e+18,t,2.0,2666.989990234375,1222.699951171875,174.911329,48.3458176,19.00979995727539,0.13357099890708923,1.1540299654006958,18.907400131225586,0.17759999632835388,0.6828809976577759,17.107999801635742,0.05900000035762787,5.248000144958496,0.35199999809265137,-0.25752800703048706,-0.10241000354290009,3.309999942779541,0.9909999966621399,405.5060119628906,0.6333069801330566,0.9603689908981323,1.121999979019165,0.9940000176429749,0.3389729857444763,0.30030199885368347,1.1287699937820435,2.0,0.0,0.9100000262260437,1.0,18.88360023498535,0.22010000050067902,174.9110407,48.3458028,9.28661,ZTF18acibujg
2458862.8939583,2,1108393954315,19.55699920654297,/ztf/archive/sci/2020/0114/393958/ztf_20200114393958_000754_zr_c11_o_q4_scimrefdiffimg.fits.fz,Kulkarni,2,t17_f5_c3,1108.0,43.0,754.0,26.35650062561035,2.2133299353299662e-05,0.029538799077272415,0.12456200271844864,3.104650022578426e-05,1.108393954315015e+18,t,6.0,2667.659912109375,1221.949951171875,174.9114258,48.3459419,19.1564998626709,0.19821499288082123,1.5292199850082397,19.380800247192383,0.27410000562667847,1.0354599952697754,17.107999801635742,0.05900000035762787,5.248000144958496,0.35199999809265137,0.19244499504566193,0.224264994263649,2.3399999141693115,0.48100000619888306,404.83599853515625,0.17618800699710846,1.337939977645874,1.2430000305175781,0.8539999723434448,0.5311970114707947,0.3649570047855377,1.4555000066757202,3.0,0.0,0.5442860126495361,1.0,19.143999099731445,0.2793000042438507,174.9110407,48.3458028,6.59705,ZTF18acibujg
2458862.9412269,1,1108441224315,19.541200637817383,/ztf/archive/sci/2020/0114/441204/ztf_20200114441204_000754_zg_c11_o_q4_scimrefdiffimg.fits.fz,Kulkarni,2,t17_f5_c3,1108.0,43.0,754.0,26.36549949645996,4.417870150064118e-05,0.036434900015592575,-0.04761179909110069,8.254379645222798e-05,1.108441224315015e+18,t,0.0,2647.7900390625,1228.31005859375,174.9113975,48.3459143,18.999500274658203,0.16458499431610107,1.5795899629592896,19.030000686645508,0.19900000095367432,0.8025079965591431,18.006999969482422,0.06300000101327896,5.234000205993652,0.4699999988079071,-0.29757100343704224,0.030480999499559402,3.4700000286102295,0.9800000190734863,424.7080078125,0.5111669898033142,0.8934789896011353,0.9300000071525574,0.8809999823570251,0.26801198720932007,0.2538900077342987,1.0556199550628662,2.0,0.0,0.9585710167884827,0.9951819777488708,18.95330047607422,0.23669999837875366,174.9110769,48.3458397,9.27726,ZTF18acibujg
2458862.9421644,1,1108442164315,19.542800903320312,/ztf/archive/sci/2020/0114/442141/ztf_20200114442141_000754_zg_c11_o_q4_scimrefdiffimg.fits.fz,Kulkarni,1,t17_f5_c3,1108.0,43.0,754.0,26.380699157714844,4.670589987654239e-05,0.03798710182309151,-0.062251001596450806,8.885280112735927e-05,1.108442164315015e+18,t,2.0,2648.179931640625,1229.050048828125,174.9114511,48.3457325,19.07270050048828,0.15826000273227692,1.1251399517059326,18.940799713134766,0.1808999925851822,0.9625599980354309,18.006999969482422,0.06300000101327896,5.234000205993652,0.4699999988079071,-0.01345099974423647,-0.1318809986114502,2.4700000286102295,0.9769999980926514,424.3179931640625,0.6019830107688904,1.2691500186920166,1.0779999494552612,1.031000018119812,0.4364370107650757,0.4174090027809143,1.0455900430679321,0.0,0.0,0.9300000071525574,1.0,18.836999893188477,0.210099995136261,174.9110769,48.3458397,9.52547,ZTF18acibujg
2458862.9681829,1,1108468184315,19.78459930419922,/ztf/archive/sci/2020/0114/468125/ztf_20200114468125_000754_zg_c11_o_q4_scimrefdiffimg.fits.fz,Kulkarni,2,t17_f5_c3,1108.0,43.0,754.0,26.369699478149414,3.596529859350994e-05,0.035247400403022766,-0.04133849963545799,6.05532004556153e-05,1.108468184315015e+18,t,3.0,2656.5,1228.7099609375,174.911299,48.3457974,19.056699752807617,0.12644000351428986,1.9388799667358398,19.07539939880371,0.2011999934911728,0.545976996421814,18.006999969482422,0.06300000101327896,5.234000205993652,0.4699999988079071,-0.04509799927473068,0.01874300092458725,2.809999942779541,1.0,415.99798583984375,0.7092310190200806,0.910290002822876,0.7699999809265137,0.7649999856948853,0.2740209996700287,0.27224200963974,1.0065399408340454,3.0,0.0,0.9700000286102295,0.9911360144615173,19.1919002532959,0.2858000099658966,174.9110769,48.3458397,11.3804,ZTF18acibujg
2458863.0194329,3,1108519434315,20.349899291992188,/ztf/archive/sci/2020/0114/519398/ztf_20200114519398_000754_zi_c11_o_q4_scimrefdiffimg.fits.fz,Kulkarni,2,t17_f5_c3,1108.0,43.0,754.0,27.08609962463379,7.34529021428898e-06,0.026228299364447594,0.1693120002746582,2.6142099159187637e-05,,,,,,,,,,,,,,,,,,,,,,,,,,,,,,,,,,,,,,,ZTF18acibujg
2458863.0302546,3,1108530254315,20.444900512695312,/ztf/archive/sci/2020/0114/530243/ztf_20200114530243_000754_zi_c11_o_q4_scimrefdiffimg.fits.fz,Kulkarni,2,t17_f5_c3,1108.0,43.0,754.0,27.14889907836914,1.452410015190253e-05,0.03678470104932785,0.17907999455928802,5.153119855094701e-05,,,,,,,,,,,,,,,,,,,,,,,,,,,,,,,,,,,,,,,ZTF18acibujg
2458863.9353356,1,1109435334315,19.973800659179688,/ztf/archive/sci/2020/0115/435336/ztf_20200115435336_000754_zg_c11_o_q4_scimrefdiffimg.fits.fz,Kulkarni,2,t17_f5_c3,1109.0,43.0,754.0,26.36750030517578,3.266489875386469e-05,0.034324001520872116,-0.05667949840426445,5.12687984155491e-05,1.109435334315015e+18,t,3.0,2665.469970703125,1227.949951171875,174.9113148,48.3458277,19.045499801635742,0.12434200197458267,1.7724599838256836,18.974199295043945,0.15780000388622284,0.5636190176010132,18.006999969482422,0.06300000101327896,5.234000205993652,0.4699999988079071,-0.09954400360584259,-0.07126300036907196,2.450000047683716,0.9819999933242798,407.0260009765625,0.9995549917221069,1.0277999639511108,0.7459999918937683,0.6890000104904175,0.30449000000953674,0.28122401237487793,1.0827300548553467,3.0,0.0,0.9714289903640747,1.0,18.96969985961914,0.20000000298023224,174.9110769,48.3458397,10.6559,ZTF18acibujg
2458863.9437616,1,1109443764315,20.05739974975586,/ztf/archive/sci/2020/0115/443762/ztf_20200115443762_000754_zg_c11_o_q4_scimrefdiffimg.fits.fz,Kulkarni,2,t17_f5_c3,1109.0,43.0,754.0,26.385400772094727,3.14128992613405e-05,0.03418570011854172,-0.05576689913868904,4.740840086014941e-05,1.109443764315015e+18,t,2.0,2667.469970703125,1230.18994140625,174.9113155,48.3458339,19.013399124145508,0.10645200312137604,2.4225199222564697,19.05900001525879,0.16439999639987946,0.5640630125999451,18.006999969482422,0.06300000101327896,5.234000205993652,0.4699999988079071,0.6859560012817383,0.04563799872994423,2.069999933242798,0.9819999933242798,405.0270080566406,0.9983789920806885,1.1720399856567383,0.7620000243186951,0.6980000138282776,0.36811599135398865,0.3371979892253876,1.091689944267273,2.0,0.0,0.9700000286102295,1.0,19.132400512695312,0.22349999845027924,174.9110769,48.3458397,10.2647,ZTF18acibujg
2458864.0063889,3,1109506384315,20.44339942932129,/ztf/archive/sci/2020/0115/506389/ztf_20200115506389_000754_zi_c11_o_q4_scimrefdiffimg.fits.fz,Kulkarni,2,t17_f5_c3,1109.0,43.0,754.0,27.0669002532959,7.138799901440507e-06,0.025655299425125122,0.17573300004005432,2.5891400582622737e-05,,,,,,,,,,,,,,,,,,,,,,,,,,,,,,,,,,,,,,,ZTF18acibujg
2458864.0267245,3,1109526724315,20.478599548339844,/ztf/archive/sci/2020/0115/526713/ztf_20200115526713_000754_zi_c11_o_q4_scimrefdiffimg.fits.fz,Kulkarni,2,t17_f5_c3,1109.0,43.0,754.0,27.0674991607666,5.358070211514132e-06,0.022210100665688515,0.18093299865722656,1.9413699192227796e-05,,,,,,,,,,,,,,,,,,,,,,,,,,,,,,,,,,,,,,,ZTF18acibujg
2458864.0471644,2,1109547164315,20.257299423217773,/ztf/archive/sci/2020/0115/547153/ztf_20200115547153_000754_zr_c11_o_q4_scimrefdiffimg.fits.fz,Kulkarni,2,t17_f5_c3,1109.0,43.0,754.0,26.394699096679688,1.5306899513234384e-05,0.02443920075893402,0.11486300081014633,2.123359990946483e-05,1.109547164315015e+18,t,7.0,2663.39990234375,1236.0799560546875,174.9114003,48.3458716,19.218700408935547,0.1082879975438118,1.950119972229004,19.125499725341797,0.1581999957561493,0.8839349746704102,17.107999801635742,0.05900000035762787,5.248000144958496,0.35199999809265137,0.0230260007083416,-0.09315799921751022,2.3499999046325684,0.9959999918937683,409.1029968261719,1.1317800283432007,0.9974660277366638,0.6349999904632568,0.6190000176429749,0.2702130079269409,0.2634040117263794,1.0258500576019287,4.0,0.0,0.9628570079803467,1.0,19.108600616455078,0.1949000060558319,174.9110407,48.3458028,5.34717,ZTF18acibujg
2458866.8576505,2,1112357654315,20.48509979248047,/ztf/archive/sci/2020/0118/357650/ztf_20200118357650_000754_zr_c11_o_q4_scimrefdiffimg.fits.fz,Kulkarni,1,t17_f5_c3,1112.0,43.0,754.0,26.398799896240234,1.2852399777329993e-05,0.0224130991846323,0.09947430342435837,1.7619100617594086e-05,1.112357654315015e+18,t,1.0,2649.72998046875,1244.31005859375,174.9113179,48.34583,19.221799850463867,0.1048400029540062,1.8043299913406372,18.963600158691406,0.10580000281333923,0.661916971206665,17.107999801635742,0.05900000035762787,5.248000144958496,0.35199999809265137,-0.20769399404525757,-0.2582080066204071,2.9000000953674316,0.8730000257492065,422.7659912109375,1.5214500427246094,0.9039049744606018,0.906000018119812,0.8209999799728394,0.3124139904975891,0.28310298919677734,1.1035300493240356,3.0,0.0,0.9442859888076782,1.0,18.980100631713867,0.1315000057220459,174.9110407,48.3458028,8.09226,ZTF18acibujg
2458866.9143634,1,1112414364315,20.498899459838867,/ztf/archive/sci/2020/0118/414363/ztf_20200118414363_000754_zg_c11_o_q4_scimrefdiffimg.fits.fz,Kulkarni,1,t17_f5_c3,1112.0,43.0,754.0,26.370399475097656,3.6404599086381495e-05,0.03772930055856705,-0.09741350263357162,5.038340168539435e-05,1.112414364315015e+18,t,3.0,2648.800048828125,1250.2900390625,174.9112401,48.3458168,19.108400344848633,0.11508800089359283,1.787060022354126,19.107500076293945,0.1111999973654747,0.3940500020980835,18.006999969482422,0.06300000101327896,5.234000205993652,0.4699999988079071,0.007826000452041626,-0.0009089999948628247,2.569999933242798,0.9860000014305115,423.69500732421875,1.3913600444793701,1.02183997631073,0.7799999713897705,0.7200000286102295,0.30350199341773987,0.2801559865474701,1.0833300352096558,3.0,0.0,0.9728569984436035,0.9780470132827759,19.246400833129883,0.15790000557899475,174.9110769,48.3458397,12.4525,ZTF18acibujg
2458871.9521065,1,1117452104315,20.572599411010742,/ztf/archive/sci/2020/0123/452106/ztf_20200123452106_000754_zg_c11_o_q4_scimrefdiffimg.fits.fz,Kulkarni,1,t17_f5_c3,1117.0,43.0,754.0,26.381900787353516,4.2100600694539025e-05,0.04038739949464798,-0.09911680221557617,5.922009950154461e-05,1.117452104315015e+18,t,8.0,2670.8701171875,1235.2099609375,174.9111695,48.3458022,19.348899841308594,0.14032599329948425,1.3705899715423584,19.414499282836914,0.12150000035762787,0.25616300106048584,18.006999969482422,0.06300000101327896,5.234000205993652,0.4699999988079071,-0.2733429968357086,0.06560300290584564,3.9000000953674316,0.9700000286102295,401.63299560546875,1.1581000089645386,0.7902519702911377,0.9589999914169312,0.8370000123977661,0.24589699506759644,0.21461500227451324,1.1457600593566895,3.0,0.0,0.9385709762573242,1.0,19.44930076599121,0.15539999306201935,174.9110769,48.3458397,10.6934,ZTF18acibujg
2458872.0096991,2,1117509694315,20.29759979248047,/ztf/archive/sci/2020/0123/509687/ztf_20200123509687_000754_zr_c11_o_q4_scimrefdiffimg.fits.fz,Kulkarni,1,t17_f5_c3,1117.0,43.0,754.0,26.38089942932129,1.8755399651126936e-05,0.027318499982357025,0.11243099719285965,2.6169100237893872e-05,1.117509694315015e+18,t,10.0,2661.409912109375,1238.1600341796875,174.9114129,48.3458761,19.088899612426758,0.11494100093841553,2.1270599365234375,19.178499221801758,0.13860000669956207,0.9171609878540039,17.107999801635742,0.05900000035762787,5.248000144958496,0.35199999809265137,-0.25601598620414734,0.08961500227451324,3.059999942779541,0.9539999961853027,411.09100341796875,1.1191500425338745,0.9255220293998718,0.8320000171661377,0.7680000066757202,0.27189499139785767,0.2509799897670746,1.0833300352096558,5.0,0.0,0.947143018245697,0.9852979779243469,19.222000122070312,0.17790000140666962,174.9110407,48.3458028,7.30759,ZTF18acibujg
2458875.9479282,1,1121447924315,20.68090057373047,/ztf/archive/sci/2020/0127/447928/ztf_20200127447928_000754_zg_c11_o_q4_scimrefdiffimg.fits.fz,Kulkarni,1,t17_f5_c3,1121.0,43.0,754.0,26.358600616455078,4.927299960399978e-05,0.04397660121321678,-0.11813800036907196,6.965459760976955e-05,1.121447924315015e+18,1,8.0,2664.070068359375,1222.9200439453125,174.9110639,48.3458342,19.684600830078125,0.14783400297164917,1.6294000148773193,19.507299423217773,0.11829999834299088,0.036191001534461975,18.006999969482422,0.06300000101327896,5.234000205993652,0.4699999988079071,-0.1998409926891327,-0.1772949993610382,2.9000000953674316,0.7490000128746033,408.4339904785156,1.1735999584197998,1.1171799898147583,1.152999997138977,0.9440000057220459,0.39758598804473877,0.3255169987678528,1.2214000225067139,2.0,0.0,0.8485710024833679,1.0,19.490400314331055,0.14270000159740448,174.9110769,48.3458397,8.43268,ZTF18acibujg
2458864.828588,2,1110328584315,20.20509910583496,/ztf/archive/sci/2020/0116/328588/ztf_20200116328588_000754_zr_c11_o_q4_scimrefdiffimg.fits.fz,Kulkarni,2,t17_f5_c3,1110.0,43.0,754.0,26.362600326538086,1.7544400179758668e-05,0.02623699977993965,0.1196649968624115,2.455059984640684e-05,1.110328584315015e+18,t,9.0,2669.050048828125,1222.0899658203125,174.9114426,48.3458689,19.237600326538086,0.10450000315904617,0.945572018623352,19.47369956970215,0.21799999475479126,0.9779000282287598,17.107999801635742,0.05900000035762787,5.248000144958496,0.35199999809265137,0.1780110001564026,0.23611600697040558,2.5399999618530273,0.9760000109672546,403.4490051269531,0.7314000129699707,0.9694120287895203,0.6460000276565552,0.6200000047683716,0.25433099269866943,0.24409399926662445,1.0419299602508545,4.0,0.0,0.945713996887207,0.9926729798316956,19.405000686645508,0.25589999556541443,174.9110407,48.3458028,5.90709,ZTF18acibujg
2458864.8484606,2,1110348464315,20.422300338745117,/ztf/archive/sci/2020/0116/348449/ztf_20200116348449_000754_zr_c11_o_q4_scimrefdiffimg.fits.fz,Kulkarni,2,t17_f5_c3,1110.0,43.0,754.0,26.349300384521484,1.8438700863043778e-05,0.026946399360895157,0.11917299777269363,2.5814999389695004e-05,1.110348464315015e+18,t,11.0,2667.260009765625,1227.5999755859375,174.9113527,48.345827,19.1023006439209,0.13157300651073456,3.1639199256896973,19.260499954223633,0.16619999706745148,0.741890013217926,17.107999801635742,0.05900000035762787,5.248000144958496,0.35199999809265137,0.4368009865283966,0.15823900699615479,2.3399999141693115,0.7839999794960022,405.239013671875,1.1618200540542603,0.9485009908676147,0.6589999794960022,0.5479999780654907,0.2816239893436432,0.2341880053281784,1.2025500535964966,5.0,0.0,0.9257140159606934,0.9644839763641357,19.131799697875977,0.1834000051021576,174.9110407,48.3458028,7.68284,ZTF18acibujg
2458864.8654977,3,1110365494315,20.555299758911133,/ztf/archive/sci/2020/0116/365475/ztf_20200116365475_000754_zi_c11_o_q4_scimrefdiffimg.fits.fz,Kulkarni,2,t17_f5_c3,1110.0,43.0,754.0,27.080799102783203,5.778380000265315e-06,0.02291939966380596,0.17604699730873108,2.0625699107768014e-05,,,,,,,,,,,,,,,,,,,,,,,,,,,,,,,,,,,,,,,ZTF18acibujg
2458864.8816088,3,1110381604315,20.502300262451172,/ztf/archive/sci/2020/0116/381609/ztf_20200116381609_000754_zi_c11_o_q4_scimrefdiffimg.fits.fz,Kulkarni,2,t17_f5_c3,1110.0,43.0,754.0,27.040300369262695,2.730329924816033e-06,0.015992699190974236,0.18511900305747986,9.512249562249053e-06,,,,,,,,,,,,,,,,,,,,,,,,,,,,,,,,,,,,,,,ZTF18acibujg
2458864.9270139,1,1110427014315,20.303300857543945,/ztf/archive/sci/2020/0116/426991/ztf_20200116426991_000754_zg_c11_o_q4_scimrefdiffimg.fits.fz,Kulkarni,2,t17_f5_c3,1110.0,43.0,754.0,26.361600875854492,2.5299799744971097e-05,0.0312734991312027,-0.07924540340900421,3.603619916248135e-05,1.110427014315015e+18,t,6.0,2662.760009765625,1239.8699951171875,174.9113163,48.3457944,19.0216007232666,0.10724899917840958,1.9103800058364868,19.060100555419922,0.13689999282360077,0.5879930257797241,18.006999969482422,0.06300000101327896,5.234000205993652,0.4699999988079071,-0.2162889987230301,0.03854300081729889,3.369999885559082,0.9729999899864197,409.7380065917969,1.243190050125122,0.7011370062828064,0.6959999799728394,0.6100000143051147,0.20652799308300018,0.18100899457931519,1.1409800052642822,4.0,0.0,0.9557139873504639,0.9798939824104309,19.11840057373047,0.18250000476837158,174.9110769,48.3458397,11.5616,ZTF18acibujg
2458864.9541204,1,1110454124315,20.293100357055664,/ztf/archive/sci/2020/0116/454120/ztf_20200116454120_000754_zg_c11_o_q4_scimrefdiffimg.fits.fz,Kulkarni,2,t17_f5_c3,1110.0,43.0,754.0,26.3700008392334,2.349259921174962e-05,0.030262600630521774,-0.07438760250806808,3.3491400245111436e-05,1.110454124315015e+18,t,3.0,2666.27001953125,1245.760009765625,174.9112916,48.3458095,19.131000518798828,0.10729499906301498,2.0309998989105225,19.29960060119629,0.16930000483989716,0.5184299945831299,18.006999969482422,0.06300000101327896,5.234000205993652,0.4699999988079071,0.24272499978542328,0.16857600212097168,2.049999952316284,0.9909999966621399,406.2309875488281,0.9934759736061096,1.1720000505447388,0.6269999742507935,0.5979999899864197,0.3058539927005768,0.29170700907707214,1.0484999418258667,3.0,0.0,0.9685710072517395,0.9852010011672974,19.207500457763672,0.19679999351501465,174.9110769,48.3458397,12.9895,ZTF18acibujg
2458866.8653241,2,1112365324315,20.47279930114746,/ztf/archive/sci/2020/0118/365301/ztf_20200118365301_000754_zr_c11_o_q4_scimrefdiffimg.fits.fz,Kulkarni,2,t17_f5_c3,1112.0,43.0,754.0,26.38170051574707,1.7127300452557392e-05,0.025817200541496277,0.11135400086641312,2.3478300136048347e-05,1.112365324315015e+18,t,12.0,2648.64990234375,1241.1300048828125,174.9113434,48.3458514,19.235700607299805,0.12767000496387482,1.3759000301361084,19.147499084472656,0.12559999525547028,0.7357000112533569,17.107999801635742,0.05900000035762787,5.248000144958496,0.35199999809265137,-0.10443700104951859,-0.08823099732398987,2.9200000762939453,0.9150000214576721,423.85400390625,1.3253300189971924,0.9067450165748596,0.8410000205039978,0.7549999952316284,0.2880139946937561,0.25856199860572815,1.1139099597930908,4.0,0.0,0.9671429991722107,0.9801869988441467,19.15559959411621,0.1550000011920929,174.9110407,48.3458028,6.24836,ZTF18acibujg
2458866.901956,1,1112401954315,20.530500411987305,/ztf/archive/sci/2020/0118/401944/ztf_20200118401944_000754_zg_c11_o_q4_scimrefdiffimg.fits.fz,Kulkarni,2,t17_f5_c3,1112.0,43.0,754.0,26.370899200439453,3.3092601370299235e-05,0.03575940057635307,-0.09986550360918045,4.540889858617447e-05,1.112401954315015e+18,t,6.0,2653.43994140625,1251.1199951171875,174.9112493,48.3458331,19.10890007019043,0.10901899635791779,2.456899881362915,19.130300521850586,0.11100000143051147,0.4079970121383667,18.006999969482422,0.06300000101327896,5.234000205993652,0.4699999988079071,0.13731299340724945,0.02136100083589554,2.3399999141693115,0.9819999933242798,419.0589904785156,1.4001699686050415,1.1202199459075928,0.7710000276565552,0.7229999899864197,0.32948699593544006,0.3089739978313446,1.066390037536621,5.0,0.0,0.9742860198020935,0.9735829830169678,19.069599151611328,0.13120000064373016,174.9110769,48.3458397,10.6622,ZTF18acibujg
2458866.9324074,3,1112432404315,20.54129981994629,/ztf/archive/sci/2020/0118/432407/ztf_20200118432407_000754_zi_c11_o_q4_scimrefdiffimg.fits.fz,Kulkarni,2,t17_f5_c3,1112.0,43.0,754.0,27.072599411010742,6.071690222597681e-06,0.02365029975771904,0.17707400023937225,2.1910100258537568e-05,,,,,,,,,,,,,,,,,,,,,,,,,,,,,,,,,,,,,,,ZTF18acibujg
2458866.950162,3,1112450164315,20.486000061035156,/ztf/archive/sci/2020/0118/450139/ztf_20200118450139_000754_zi_c11_o_q4_scimrefdiffimg.fits.fz,Kulkarni,2,t17_f5_c3,1112.0,43.0,754.0,27.056699752807617,3.3488799999759067e-06,0.01773180067539215,0.18524299561977386,1.1652399734884966e-05,,,,,,,,,,,,,,,,,,,,,,,,,,,,,,,,,,,,,,,ZTF18acibujg
2458867.0188194,2,1112518814315,20.612499237060547,/ztf/archive/sci/2020/0118/518808/ztf_20200118518808_000754_zr_c11_o_q4_scimrefdiffimg.fits.fz,Kulkarni,2,t17_f5_c3,1112.0,43.0,754.0,26.409700393676758,1.7264199414057657e-05,0.025867100805044174,0.10423599928617477,2.3766600861563347e-05,1.112518814315015e+18,t,15.0,2658.81005859375,1267.68994140625,174.9113325,48.3458332,19.086700439453125,0.12966200709342957,2.8875598907470703,19.303499221801758,0.14429999887943268,0.6978489756584167,17.107999801635742,0.05900000035762787,5.248000144958496,0.35199999809265137,0.28325000405311584,0.21680699288845062,2.0299999713897705,0.9700000286102295,413.68798828125,1.3089799880981445,1.1453700065612793,0.6019999980926514,0.49399998784065247,0.29655200242996216,0.24334999918937683,1.2186199426651,3.0,0.0,0.9042860269546509,1.0,19.478099822998047,0.2078000009059906,174.9110407,48.3458028,7.36265,ZTF18acibujg
2458867.0501736,1,1112550174315,20.429100036621094,/ztf/archive/sci/2020/0118/550162/ztf_20200118550162_000754_zg_c11_o_q4_scimrefdiffimg.fits.fz,Kulkarni,2,t17_f5_c3,1112.0,43.0,754.0,26.364999771118164,3.2032599847298115e-05,0.03517239913344383,-0.08352220058441162,4.608069866662845e-05,1.112550174315015e+18,t,5.0,2660.4599609375,1263.3299560546875,174.9113186,48.3458098,19.108999252319336,0.15793800354003906,3.352560043334961,19.171499252319336,0.1225999966263771,0.5807899832725525,18.006999969482422,0.06300000101327896,5.234000205993652,0.4699999988079071,-0.13861699402332306,0.06252799928188324,3.2100000381469727,0.9760000109672546,412.04400634765625,1.2575700283050537,0.8329610228538513,0.765999972820282,0.6909999847412109,0.23862899839878082,0.21526500582695007,1.1085400581359863,4.0,0.0,0.9371430277824402,0.9315119981765747,19.25909996032715,0.16660000383853912,174.9110769,48.3458397,12.1968,ZTF18acibujg
2458867.8581366,2,1113358134315,20.23189926147461,/ztf/archive/sci/2020/0119/358137/ztf_20200119358137_000754_zr_c11_o_q4_scimrefdiffimg.fits.fz,Kulkarni,2,t17_f5_c3,1113.0,43.0,754.0,26.354299545288086,2.6150499252253212e-05,0.03184080123901367,0.11639200150966644,3.648479832918383e-05,1.113358134315015e+18,t,4.0,2667.510009765625,1226.25,174.9113367,48.3457671,19.00830078125,0.1209539994597435,2.4166901111602783,18.973600387573242,0.11620000004768372,0.7105579972267151,17.107999801635742,0.05900000035762787,5.248000144958496,0.35199999809265137,-0.2736530005931854,-0.0346670001745224,3.4100000858306885,0.9879999756813049,404.9880065917969,1.2582900524139404,0.8763480186462402,1.0210000276565552,0.9290000200271606,0.2994129955768585,0.2724339962005615,1.0990300178527832,3.0,0.0,0.9414290189743042,0.9972820281982422,18.894699096679688,0.133200004696846,174.9110407,48.3458028,7.1714,ZTF18acibujg
2458867.9109722,1,1113410974315,20.579099655151367,/ztf/archive/sci/2020/0119/410972/ztf_20200119410972_000754_zg_c11_o_q4_scimrefdiffimg.fits.fz,Kulkarni,2,t17_f5_c3,1113.0,43.0,754.0,26.37299919128418,5.218579826760106e-05,0.0452863983809948,-0.1069670021533966,7.337069837376475e-05,1.113410974315015e+18,t,8.0,2658.0,1235.6300048828125,174.9111922,48.3457732,19.195999145507812,0.11915300041437149,2.567509889602661,19.02389907836914,0.08860000222921371,0.3607040047645569,18.006999969482422,0.06300000101327896,5.234000205993652,0.4699999988079071,-0.21273300051689148,-0.17206299304962158,3.059999942779541,0.9800000190734863,414.49700927734375,1.5552200078964233,0.9577550292015076,1.0570000410079956,0.9980000257492065,0.345425009727478,0.3261440098285675,1.0591200590133667,0.0,0.0,0.945713996887207,1.0,18.991300582885742,0.10649999976158142,174.9110769,48.3458397,14.5773,ZTF18acibujg
2458867.9284491,1,1113428444315,20.716299057006836,/ztf/archive/sci/2020/0119/428426/ztf_20200119428426_000754_zg_c11_o_q4_scimrefdiffimg.fits.fz,Kulkarni,2,t17_f5_c3,1113.0,43.0,754.0,26.378999710083008,3.410869976505637e-05,0.03625719994306564,-0.10057999938726425,4.709210043074563e-05,1.113428444315015e+18,t,6.0,2665.780029296875,1243.550048828125,174.9112585,48.3458016,19.03499984741211,0.10221099853515625,3.777169942855835,19.097299575805664,0.09350000321865082,0.4499779939651489,18.006999969482422,0.06300000101327896,5.234000205993652,0.4699999988079071,-0.052250999957323074,0.062334999442100525,2.6700000762939453,0.9929999709129333,406.7239990234375,1.6189700365066528,0.9835730195045471,0.7799999713897705,0.722000002861023,0.29213500022888184,0.27041199803352356,1.0803300142288208,1.0,0.0,0.9728569984436035,1.0,19.239900588989258,0.13169999420642853,174.9110769,48.3458397,16.1416,ZTF18acibujg
2458867.9723958,2,1113472394315,20.600000381469727,/ztf/archive/sci/2020/0119/472384/ztf_20200119472384_000754_zr_c11_o_q4_scimrefdiffimg.fits.fz,Kulkarni,2,t17_f5_c3,1113.0,43.0,754.0,26.399599075317383,1.923749914567452e-05,0.02738269977271557,0.11547700315713882,2.6609499400365166e-05,1.113472394315015e+18,t,4.0,2677.7099609375,1249.3399658203125,174.9113687,48.3458115,19.064599990844727,0.10272900015115738,2.5504000186920166,18.991199493408203,0.10610000044107437,0.7754629850387573,17.107999801635742,0.05900000035762787,5.248000144958496,0.35199999809265137,0.003068000078201294,-0.07337500154972076,2.7200000286102295,0.9639999866485596,394.78900146484375,1.6087499856948853,0.8976839780807495,0.7540000081062317,0.6899999976158142,0.2772060036659241,0.25367599725723267,1.0927499532699585,1.0,0.0,0.9671429991722107,1.0,18.89310073852539,0.11840000003576279,174.9110407,48.3458028,8.66365,ZTF18acibujg
2458868.0122454,3,1113512244315,20.522899627685547,/ztf/archive/sci/2020/0119/512234/ztf_20200119512234_000754_zi_c11_o_q4_scimrefdiffimg.fits.fz,Kulkarni,2,t17_f5_c3,1113.0,43.0,754.0,27.078699111938477,2.215309905295726e-06,0.01415759976953268,0.185821995139122,7.920370080682915e-06,1.113512244315015e+18,t,3.0,2671.070068359375,1251.5699462890625,174.9113203,48.3458088,19.597700119018555,0.10110700130462646,1.4658000469207764,19.549299240112305,0.17829999327659607,0.6260550022125244,16.714000701904297,0.057999998331069946,5.183000087738037,0.3199999928474426,-1.5257099866867065,-0.04840800166130066,1.2615599632263184,0.9760000109672546,401.4280090332031,0.9735890030860901,2.0,0.7350000143051147,0.621999979019165,0.582614004611969,0.4930419921875,1.1816699504852295,3.0,0.0,0.8671429753303528,0.9136499762535095,19.68709945678711,0.24969999492168427,174.9110635,48.3458518,7.02849,ZTF18acibujg
2458868.0334838,3,1113533484315,20.494800567626953,/ztf/archive/sci/2020/0119/533472/ztf_20200119533472_000754_zi_c11_o_q4_scimrefdiffimg.fits.fz,Kulkarni,2,t17_f5_c3,1113.0,43.0,754.0,27.049100875854492,2.329599965378293e-06,0.014755199663341045,0.1871040016412735,8.071850061242003e-06,,,,,,,,,,,,,,,,,,,,,,,,,,,,,,,,,,,,,,,ZTF18acibujg
2458871.8528935,3,1117352894315,20.239900588989258,/ztf/archive/sci/2020/0123/352894/ztf_20200123352894_000754_zi_c11_o_q4_scimrefdiffimg.fits.fz,Kulkarni,2,t17_f5_c3,1117.0,43.0,754.0,27.025699615478516,3.3954599985008826e-06,0.017720600590109825,0.18900999426841736,1.2006399629171938e-05,,,,,,,,,,,,,,,,,,,,,,,,,,,,,,,,,,,,,,,ZTF18acibujg
2458871.8621412,3,1117362144315,20.179399490356445,/ztf/archive/sci/2020/0123/362130/ztf_20200123362130_000754_zi_c11_o_q4_scimrefdiffimg.fits.fz,Kulkarni,2,t17_f5_c3,1117.0,43.0,754.0,27.039899826049805,3.4836500617529964e-06,0.018076999112963676,0.18648800253868103,1.2391000382194761e-05,,,,,,,,,,,,,,,,,,,,,,,,,,,,,,,,,,,,,,,ZTF18acibujg
2458871.9164699,1,1117416464315,20.65180015563965,/ztf/archive/sci/2020/0123/416412/ztf_20200123416412_000754_zg_c11_o_q4_scimrefdiffimg.fits.fz,Kulkarni,2,t17_f5_c3,1117.0,43.0,754.0,26.39389991760254,4.656199962482788e-05,0.04236989840865135,-0.12650200724601746,6.464799662353471e-05,1.117416464315015e+18,t,7.0,2661.340087890625,1230.760009765625,174.9112757,48.3458026,19.33489990234375,0.1306930035352707,2.6429100036621094,19.283199310302734,0.1071000024676323,0.4877929985523224,18.006999969482422,0.06300000101327896,5.234000205993652,0.4699999988079071,-0.11688599735498428,-0.0517130009829998,4.150000095367432,0.9660000205039978,411.1619873046875,1.368589997291565,0.6967909932136536,0.7820000052452087,0.7300000190734863,0.18843400478363037,0.17590400576591492,1.0712300539016724,3.0,0.0,0.9157140254974365,1.0,19.390499114990234,0.1459999978542328,174.9110769,48.3458397,14.4972,ZTF18acibujg
2458871.9266204,1,1117426624315,20.545400619506836,/ztf/archive/sci/2020/0123/426597/ztf_20200123426597_000754_zg_c11_o_q4_scimrefdiffimg.fits.fz,Kulkarni,2,t17_f5_c3,1117.0,43.0,754.0,26.37299919128418,4.520219954429194e-05,0.04149689897894859,-0.09260279685258865,6.341670086840168e-05,1.117426624315015e+18,t,7.0,2660.510009765625,1230.199951171875,174.9111384,48.3458257,19.285999298095703,0.13770100474357605,2.1273601055145264,19.270700454711914,0.10869999974966049,0.15354099869728088,18.006999969482422,0.06300000101327896,5.234000205993652,0.4699999988079071,0.1615069955587387,-0.015309999696910381,3.2699999809265137,0.9739999771118164,411.9859924316406,1.2746599912643433,0.948747992515564,1.0080000162124634,0.8870000243186951,0.30825701355934143,0.2712540030479431,1.1364200115203857,0.0,0.0,0.9528570175170898,1.0,19.244600296020508,0.131400004029274,174.9110769,48.3458397,13.7791,ZTF18acibujg
2458871.996875,2,1117496874315,20.21649932861328,/ztf/archive/sci/2020/0123/496875/ztf_20200123496875_000754_zr_c11_o_q4_scimrefdiffimg.fits.fz,Kulkarni,2,t17_f5_c3,1117.0,43.0,754.0,26.37459945678711,1.8864600860979408e-05,0.027030199766159058,0.11821799725294113,2.6035699193016626e-05,1.117496874315015e+18,t,6.0,2658.02001953125,1241.6500244140625,174.9110575,48.3458641,19.13960075378418,0.11366400122642517,1.5658600330352783,19.30150032043457,0.15399999916553497,0.2258870005607605,17.107999801635742,0.05900000035762787,5.248000144958496,0.35199999809265137,0.03862199932336807,0.16193999350070953,3.640000104904175,0.902999997138977,414.4849853515625,0.9150260090827942,0.847823977470398,1.0770000219345093,0.9200000166893005,0.2958790063858032,0.2527469992637634,1.1706500053405762,1.0,0.0,0.9328569769859314,1.0,19.265199661254883,0.18369999527931213,174.9110407,48.3458028,9.32066,ZTF18acibujg
2458872.0106134,2,1117510614315,20.28059959411621,/ztf/archive/sci/2020/0123/510602/ztf_20200123510602_000754_zr_c11_o_q4_scimrefdiffimg.fits.fz,Kulkarni,2,t17_f5_c3,1117.0,43.0,754.0,26.36440086364746,1.9838900698232464e-05,0.02777699939906597,0.11643099784851074,2.752050022536423e-05,1.117510614315015e+18,t,5.0,2660.780029296875,1238.2900390625,174.9112421,48.3458543,19.23539924621582,0.13120900094509125,1.234179973602295,19.0580997467041,0.12680000066757202,0.5099939703941345,17.107999801635742,0.05900000035762787,5.248000144958496,0.35199999809265137,0.13636299967765808,-0.17732000350952148,2.9000000953674316,0.8709999918937683,411.7229919433594,1.2224899530410767,0.9704139828681946,1.0290000438690186,0.8420000076293945,0.35482800006866455,0.2903450131416321,1.2220900058746338,3.0,0.0,0.9214289784431458,0.9859849810600281,18.945499420166016,0.1412000060081482,174.9110407,48.3458028,8.73771,ZTF18acibujg
2458872.9773958,3,1118477394315,20.5625,/ztf/archive/sci/2020/0124/477396/ztf_20200124477396_000754_zi_c11_o_q4_scimrefdiffimg.fits.fz,Kulkarni,2,t17_f5_c3,1118.0,43.0,754.0,27.070600509643555,2.9544598874053918e-06,0.016544200479984283,0.18291400372982025,1.0694099728425499e-05,,,,,,,,,,,,,,,,,,,,,,,,,,,,,,,,,,,,,,,ZTF18acibujg
2458873.0387384,3,1118538734315,20.34630012512207,/ztf/archive/sci/2020/0124/538738/ztf_20200124538738_000754_zi_c11_o_q4_scimrefdiffimg.fits.fz,Kulkarni,2,t17_f5_c3,1118.0,43.0,754.0,26.804000854492188,7.165289844124345e-06,0.025957899168133736,0.1858379989862442,2.4907700208132155e-05,,,,,,,,,,,,,,,,,,,,,,,,,,,,,,,,,,,,,,,ZTF18acibujg
2458873.7893171,2,1119289314315,20.543699264526367,/ztf/archive/sci/2020/0125/289306/ztf_20200125289306_000754_zr_c11_o_q4_scimrefdiffimg.fits.fz,Kulkarni,2,t17_f5_c3,1119.0,43.0,754.0,26.32859992980957,1.8033000742434524e-05,0.026613499969244003,0.10996799916028976,2.5238399757654406e-05,1.119289314315015e+18,t,9.0,2671.639892578125,1208.31005859375,174.9113192,48.3458418,19.211599349975586,0.11484400182962418,2.6981499195098877,19.21299934387207,0.13770000636577606,0.6720319986343384,17.107999801635742,0.05900000035762787,5.248000144958496,0.35199999809265137,-0.0891219973564148,0.0013780000153928995,2.5399999618530273,0.9950000047683716,400.864013671875,1.3307199478149414,0.9427909851074219,0.753000020980835,0.6520000100135803,0.2964569926261902,0.2566930055618286,1.1549099683761597,5.0,0.0,0.9557139873504639,0.9787150025367737,19.18280029296875,0.16419999301433563,174.9110407,48.3458028,5.87061,ZTF18acibujg
2458873.7982755,2,1119298274315,20.711299896240234,/ztf/archive/sci/2020/0125/298206/ztf_20200125298206_000754_zr_c11_o_q4_scimrefdiffimg.fits.fz,Kulkarni,2,t17_f5_c3,1119.0,43.0,754.0,26.371400833129883,2.7161999241798185e-05,0.0326308012008667,0.10432600229978561,3.804990046774037e-05,1.119298274315015e+18,t,4.0,2674.889892578125,1215.9000244140625,174.9113538,48.3458469,19.126399993896484,0.10965199768543243,2.2139899730682373,19.310800552368164,0.13689999282360077,0.7556719779968262,17.107999801635742,0.05900000035762787,5.248000144958496,0.35199999809265137,-0.09214399755001068,0.1844400018453598,1.6799999475479126,0.9959999918937683,397.6080017089844,1.4004499912261963,1.3758900165557861,0.5540000200271606,0.4690000116825104,0.3297620117664337,0.2791669964790344,1.1812399625778198,4.0,0.0,0.8971430063247681,1.0,19.219900131225586,0.15360000729560852,174.9110407,48.3458028,6.20978,ZTF18acibujg
2458873.8919444,1,1119391944315,20.877300262451172,/ztf/archive/sci/2020/0125/391944/ztf_20200125391944_000754_zg_c11_o_q4_scimrefdiffimg.fits.fz,Kulkarni,2,t17_f5_c3,1119.0,43.0,754.0,26.345399856567383,3.903559991158545e-05,0.03880409896373749,-0.12014999985694885,5.441020039143041e-05,1.119391944315015e+18,t,7.0,2673.1298828125,1235.7900390625,174.9111841,48.3457943,19.449399948120117,0.10295599699020386,1.7564200162887573,19.30970001220703,0.10530000180006027,0.30017799139022827,18.006999969482422,0.06300000101327896,5.234000205993652,0.4699999988079071,0.4297429919242859,-0.1397480070590973,1.9299999475479126,0.9340000152587891,399.3689880371094,1.5675599575042725,1.2942800521850586,0.7609999775886536,0.7310000061988831,0.39430099725723267,0.37875598669052124,1.0410399436950684,0.0,0.0,0.9614289999008179,1.0,19.37150001525879,0.13689999282360077,174.9110769,48.3458397,11.9748,ZTF18acibujg
2458873.9062384,1,1119406234315,20.7091007232666,/ztf/archive/sci/2020/0125/406238/ztf_20200125406238_000754_zg_c11_o_q4_scimrefdiffimg.fits.fz,Kulkarni,2,t17_f5_c3,1119.0,43.0,754.0,26.300100326538086,4.587820149026811e-05,0.04212129861116409,-0.12438800185918808,6.333649798762053e-05,1.119406234315015e+18,t,5.0,2677.590087890625,1239.949951171875,174.9111842,48.3457978,19.490100860595703,0.16407999396324158,2.275019884109497,19.26919937133789,0.11050000041723251,0.2939690053462982,18.006999969482422,0.06300000101327896,5.234000205993652,0.4699999988079071,-0.261227011680603,-0.2209080010652542,2.930000066757202,0.9490000009536743,394.9100036621094,1.4399299621582031,0.8962929844856262,0.949999988079071,0.7369999885559082,0.3242320120334625,0.2515360116958618,1.2890100479125977,1.0,0.0,0.8785709738731384,1.0,19.23270034790039,0.13220000267028809,174.9110769,48.3458397,9.6828,ZTF18acibujg
2458873.9335301,3,1119433534315,20.52669906616211,/ztf/archive/sci/2020/0125/433530/ztf_20200125433530_000754_zi_c11_o_q4_scimrefdiffimg.fits.fz,Kulkarni,2,t17_f5_c3,1119.0,43.0,754.0,26.98200035095215,5.666379820468137e-06,0.022693799808621407,0.18470099568367004,2.0377099644974805e-05,,,,,,,,,,,,,,,,,,,,,,,,,,,,,,,,,,,,,,,ZTF18acibujg
2458873.95,3,1119449994315,20.53059959411621,/ztf/archive/sci/2020/0125/450000/ztf_20200125450000_000754_zi_c11_o_q4_scimrefdiffimg.fits.fz,Kulkarni,2,t17_f5_c3,1119.0,43.0,754.0,27.045299530029297,2.176549969590269e-06,0.014100199565291405,0.1807270050048828,7.650840416317806e-06,,,,,,,,,,,,,,,,,,,,,,,,,,,,,,,,,,,,,,,ZTF18acibujg
2458874.7829051,2,1120282904315,20.23040008544922,/ztf/archive/sci/2020/0126/282905/ztf_20200126282905_000754_zr_c11_o_q4_scimrefdiffimg.fits.fz,Kulkarni,2,t17_f5_c3,1120.0,43.0,754.0,26.075599670410156,3.3319600333925337e-05,0.03616249933838844,0.10079000145196915,4.691930007538758e-05,,,,,,,,,,,,,,,,,,,,,,,,,,,,,,,,,,,,,,,ZTF18acibujg
2458874.8207986,2,1120320794315,20.875900268554688,/ztf/archive/sci/2020/0126/320775/ztf_20200126320775_000754_zr_c11_o_q4_scimrefdiffimg.fits.fz,Kulkarni,2,t17_f5_c3,1120.0,43.0,754.0,26.40239906311035,2.0503699488472193e-05,0.028326699510216713,0.09755779802799225,2.886689981096424e-05,1.120320794315015e+18,t,9.0,2674.510009765625,1185.7099609375,174.9113395,48.345847,19.304399490356445,0.12177599966526031,4.282989978790283,19.369699478149414,0.12780000269412994,0.7230319976806641,17.107999801635742,0.05900000035762787,5.248000144958496,0.35199999809265137,0.14143399894237518,0.06526800245046616,1.1827499866485596,0.9869999885559082,397.9880065917969,1.5061500072479248,2.0,0.6809999942779541,0.5929999947547913,0.5757759809494019,0.5013740062713623,1.1483999490737915,4.0,0.0,0.892857015132904,1.0,19.277099609375,0.1412000060081482,174.9110407,48.3458028,6.08992,ZTF18acibujg
2458874.8825231,1,1120382524315,20.10919952392578,/ztf/archive/sci/2020/0126/382523/ztf_20200126382523_000754_zg_c11_o_q4_scimrefdiffimg.fits.fz,Kulkarni,2,t17_f5_c3,1120.0,43.0,754.0,25.63960075378418,6.222019874257967e-05,0.04796300083398819,-0.11165300011634827,9.575980220688507e-05,1.120382524315015e+18,t,14.0,2669.239990234375,1201.4300537109375,174.911255,48.3457368,19.623600006103516,0.22522400319576263,1.5522199869155884,19.314300537109375,0.20309999585151672,0.5573750138282776,18.006999969482422,0.06300000101327896,5.234000205993652,0.4699999988079071,-0.06545600295066833,-0.3093020021915436,2.3499999046325684,0.5759999752044678,403.25799560546875,0.7949069738388062,1.04121994972229,1.0809999704360962,0.753000020980835,0.46000000834465027,0.32042598724365234,1.4355900287628174,3.0,0.0,0.7214289903640747,0.9675040245056152,19.59269905090332,0.33000001311302185,174.9110769,48.3458397,5.4736,ZTF18acibujg
2458875.7553009,2,1121255304315,20.28730010986328,/ztf/archive/sci/2020/0127/255266/ztf_20200127255266_000754_zr_c11_o_q4_scimrefdiffimg.fits.fz,Kulkarni,2,t17_f5_c3,1121.0,43.0,754.0,26.271099090576172,1.715540020086337e-05,0.025731200352311134,0.11234000325202942,2.4147999283741228e-05,1.121255304315015e+18,t,5.0,2661.68994140625,1166.260009765625,174.9111303,48.3459171,19.37809944152832,0.11753199994564056,1.3348499536514282,19.460500717163086,0.18029999732971191,0.4579850137233734,17.107999801635742,0.05900000035762787,5.248000144958496,0.35199999809265137,0.056021999567747116,0.08237200230360031,2.3399999141693115,0.6650000214576721,410.81298828125,0.8267599940299988,1.2320200204849243,0.9359999895095825,0.8220000267028809,0.4000000059604645,0.351282000541687,1.1386899948120117,2.0,0.0,0.9728569984436035,1.0,19.436199188232422,0.2167000025510788,174.9110407,48.3458028,7.34996,ZTF18acibujg
2458875.7879861,2,1121287984315,20.36910057067871,/ztf/archive/sci/2020/0127/287975/ztf_20200127287975_000754_zr_c11_o_q4_scimrefdiffimg.fits.fz,Kulkarni,2,t17_f5_c3,1121.0,43.0,754.0,26.2987003326416,2.390060035395436e-05,0.03069790080189705,0.11281099915504456,3.373720028321259e-05,1.121287984315015e+18,t,7.0,2664.530029296875,1180.5899658203125,174.9112857,48.3459112,19.42770004272461,0.1325560063123703,2.2870900630950928,19.348600387573242,0.1468999981880188,0.6953200101852417,17.107999801635742,0.05900000035762787,5.248000144958496,0.35199999809265137,0.018237000331282616,-0.07911700010299683,1.532770037651062,0.8679999709129333,407.9649963378906,1.0205399990081787,2.0,0.906000018119812,0.8690000176429749,0.5910859704017639,0.5669460296630859,1.042580008506775,4.0,0.0,0.9300000071525574,1.0,19.215700149536133,0.15850000083446503,174.9110407,48.3458028,5.85721,ZTF18acibujg
2458875.8388889,3,1121338884315,20.32349967956543,/ztf/archive/sci/2020/0127/338866/ztf_20200127338866_000754_zi_c11_o_q4_scimrefdiffimg.fits.fz,Kulkarni,2,t17_f5_c3,1121.0,43.0,754.0,27.00860023498535,2.7199400847166544e-06,0.0157478004693985,0.18624499440193176,9.759080057847314e-06,,,,,,,,,,,,,,,,,,,,,,,,,,,,,,,,,,,,,,,ZTF18acibujg
2458875.8851968,3,1121385194315,20.57159996032715,/ztf/archive/sci/2020/0127/385185/ztf_20200127385185_000754_zi_c11_o_q4_scimrefdiffimg.fits.fz,Kulkarni,2,t17_f5_c3,1121.0,43.0,754.0,27.041400909423828,2.376769998591044e-06,0.014739099889993668,0.18540500104427338,8.355190402653534e-06,,,,,,,,,,,,,,,,,,,,,,,,,,,,,,,,,,,,,,,ZTF18acibujg
2458875.9325116,1,1121432514315,20.652099609375,/ztf/archive/sci/2020/0127/432488/ztf_20200127432488_000754_zg_c11_o_q4_scimrefdiffimg.fits.fz,Kulkarni,2,t17_f5_c3,1121.0,43.0,754.0,26.35260009765625,5.2041799790458754e-05,0.04527910053730011,-0.10803499817848206,7.445849769283086e-05,1.121432514315015e+18,t,7.0,2654.419921875,1223.780029296875,174.9111242,48.3457708,19.761600494384766,0.21349899470806122,1.4765599966049194,19.835399627685547,0.15800000727176666,0.2692900002002716,18.006999969482422,0.06300000101327896,5.234000205993652,0.4699999988079071,-0.038196999579668045,0.07378000020980835,2.180000066757202,0.7710000276565552,418.07598876953125,0.8167089819908142,1.5405999422073364,1.0360000133514404,0.8629999756813049,0.4752289950847626,0.39587199687957764,1.2004599571228027,4.0,0.0,0.9157140254974365,0.9931349754333496,19.953399658203125,0.2159000039100647,174.9110769,48.3458397,11.5525,ZTF18acibujg
2458875.947037,1,1121447034315,20.711999893188477,/ztf/archive/sci/2020/0127/447037/ztf_20200127447037_000754_zg_c11_o_q4_scimrefdiffimg.fits.fz,Kulkarni,2,t17_f5_c3,1121.0,43.0,754.0,26.356800079345703,6.0493799537653103e-05,0.04867929965257645,-0.1141280010342598,8.466510189464316e-05,1.121447034315015e+18,t,8.0,2663.93994140625,1222.93994140625,174.911093,48.3458154,19.659799575805664,0.14331699907779694,1.5202100276947021,19.776199340820312,0.1518000066280365,0.09449200332164764,18.006999969482422,0.06300000101327896,5.234000205993652,0.4699999988079071,0.1394840031862259,0.11639700084924698,4.079999923706055,0.8330000042915344,408.5570068359375,0.9358369708061218,0.7658630013465881,0.8640000224113464,0.7860000133514404,0.21176500618457794,0.19264699518680573,1.0992399454116821,1.0,0.0,0.9228569865226746,1.0,19.782100677490234,0.1873999983072281,174.9110769,48.3458397,9.57083,ZTF18acibujg
2458875.9479282,1,1121447924315,20.68090057373047,/ztf/archive/sci/2020/0127/447928/ztf_20200127447928_000754_zg_c11_o_q4_scimrefdiffimg.fits.fz,Kulkarni,1,t17_f5_c3,1121.0,43.0,754.0,26.358600616455078,4.927299960399978e-05,0.04397660121321678,-0.11813800036907196,6.965459760976955e-05,1.121447924315015e+18,t,8.0,2664.070068359375,1222.9200439453125,174.9110639,48.3458342,19.684600830078125,0.14783400297164917,1.6294000148773193,19.507299423217773,0.11829999834299088,0.036191001534461975,18.006999969482422,0.06300000101327896,5.234000205993652,0.4699999988079071,-0.1998409926891327,-0.1772949993610382,2.9000000953674316,0.7490000128746033,408.4339904785156,1.1735999584197998,1.1171799898147583,1.152999997138977,0.9440000057220459,0.39758598804473877,0.3255169987678528,1.2214000225067139,2.0,0.0,0.8485710024833679,1.0,19.490400314331055,0.14270000159740448,174.9110769,48.3458397,8.43268,ZTF18acibujg
2458876.0160417,2,1121516044315,20.68239974975586,/ztf/archive/sci/2020/0127/516018/ztf_20200127516018_000754_zr_c11_o_q4_scimrefdiffimg.fits.fz,Kulkarni,1,t17_f5_c3,1121.0,43.0,754.0,26.3981990814209,1.920280010381248e-05,0.027659999206662178,0.09750910103321075,2.6906500352197327e-05,1.121516044315015e+18,t,9.0,2658.239990234375,1222.739990234375,174.9114269,48.3459072,19.338199615478516,0.1333180069923401,2.101979970932007,19.376399993896484,0.13369999825954437,0.984978973865509,17.107999801635742,0.05900000035762787,5.248000144958496,0.35199999809265137,-0.04505699872970581,0.03821200132369995,1.3357199430465698,0.9539999961853027,414.2590026855469,1.3059500455856323,2.0,0.7210000157356262,0.6290000081062317,0.5397840142250061,0.4709070026874542,1.1462600231170654,5.0,0.0,0.9057139754295349,0.9193029999732971,19.398700714111328,0.1647000014781952,174.9110407,48.3458028,6.2,ZTF18acibujg
2458876.7838194,2,1122283814315,20.62649917602539,/ztf/archive/sci/2020/0128/283819/ztf_20200128283819_000754_zr_c11_o_q4_scimrefdiffimg.fits.fz,Kulkarni,2,t17_f5_c3,1122.0,43.0,754.0,26.34950065612793,1.525310017314041e-05,0.024271100759506226,0.11015100032091141,2.1430199922178872e-05,1.122283814315015e+18,t,11.0,2672.030029296875,1201.0699462890625,174.9112558,48.3458727,19.54949951171875,0.11418899893760681,1.2265599966049194,19.445499420166016,0.16509999334812164,0.5657140016555786,17.107999801635742,0.05900000035762787,5.248000144958496,0.35199999809265137,0.37131598591804504,-0.10402800142765045,1.1516400575637817,0.4880000054836273,400.46600341796875,1.181030035018921,2.0,0.699999988079071,0.6209999918937683,0.6078299880027771,0.5392320156097412,1.127210021018982,3.0,0.0,0.9585710167884827,1.0,19.3971004486084,0.19329999387264252,174.9110407,48.3458028,5.56411,ZTF18acibujg
2458876.797963,2,1122297964315,20.65839958190918,/ztf/archive/sci/2020/0128/297951/ztf_20200128297951_000754_zr_c11_o_q4_scimrefdiffimg.fits.fz,Kulkarni,2,t17_f5_c3,1122.0,43.0,754.0,26.359899520874023,2.1129200831637718e-05,0.028778700157999992,0.10756099969148636,2.955980016849935e-05,1.122297964315015e+18,t,12.0,2669.419921875,1208.5899658203125,174.9113318,48.3458199,19.3528995513916,0.13433699309825897,2.8279199600219727,19.510400772094727,0.16949999332427979,0.6901609897613525,17.107999801635742,0.05900000035762787,5.248000144958496,0.35199999809265137,0.2797519862651825,0.15753300487995148,1.1679699420928955,0.9789999723434448,403.0840148925781,1.1480300426483154,2.0,0.6759999990463257,0.6209999918937683,0.5787799954414368,0.5316900014877319,1.08856999874115,7.0,0.0,0.9357140064239502,0.9898260235786438,19.52519989013672,0.20980000495910645,174.9110407,48.3458028,6.61252,ZTF18acibujg
2458876.8706713,1,1122370674315,20.772600173950195,/ztf/archive/sci/2020/0128/370671/ztf_20200128370671_000754_zg_c11_o_q4_scimrefdiffimg.fits.fz,Kulkarni,2,t17_f5_c3,1122.0,43.0,754.0,26.345199584960938,3.734579877345823e-05,0.03819340094923973,-0.10190299898386002,5.173670069780201e-05,1.122370674315025e+18,t,13.0,2672.9599609375,1236.8399658203125,174.9113175,48.3457887,19.667200088500977,0.13743999600410461,1.269760012626648,19.50909996032715,0.1340000033378601,0.5963839888572693,18.006999969482422,0.06300000101327896,5.234000205993652,0.4699999988079071,0.09709999710321426,-0.15809699892997742,2.890000104904175,0.781000018119812,399.5419921875,1.2635300159454346,0.8782309889793396,0.746999979019165,0.6539999842643738,0.25847798585891724,0.2262980043888092,1.142199993133545,4.0,0.0,0.9599999785423279,0.9946690201759338,19.43079948425293,0.15459999442100525,174.9110769,48.3458397,9.3054,ZTF18acibujg
2458876.8859375,1,1122385934315,20.838300704956055,/ztf/archive/sci/2020/0128/385926/ztf_20200128385926_000754_zg_c11_o_q4_scimrefdiffimg.fits.fz,Kulkarni,2,t17_f5_c3,1122.0,43.0,754.0,26.374099731445312,4.203529897495173e-05,0.04044010117650032,-0.11435899883508682,5.790060095023364e-05,1.122385934315025e+18,t,8.0,2675.139892578125,1237.1300048828125,174.911266,48.3458055,19.780099868774414,0.1401119977235794,1.3937599658966064,19.62220001220703,0.14190000295639038,0.4627470076084137,18.006999969482422,0.06300000101327896,5.234000205993652,0.4699999988079071,-0.28748801350593567,-0.15794600546360016,2.5399999618530273,0.6570000052452087,397.3599853515625,1.2160600423812866,0.9913780093193054,0.8069999814033508,0.7059999704360962,0.3177169859409332,0.27795299887657166,1.1430599689483643,3.0,0.0,0.9599999785423279,1.0,19.564300537109375,0.1664000004529953,174.9110769,48.3458397,6.20736,ZTF18acibujg
2458876.9084028,3,1122408404315,20.70479965209961,/ztf/archive/sci/2020/0128/408368/ztf_20200128408368_000754_zi_c11_o_q4_scimrefdiffimg.fits.fz,Kulkarni,2,t17_f5_c3,1122.0,43.0,754.0,27.078899383544922,4.030800027976511e-06,0.01928729936480522,0.17586000263690948,1.4627999917138368e-05,,,,,,,,,,,,,,,,,,,,,,,,,,,,,,,,,,,,,,,ZTF18acibujg
2458876.9341319,3,1122434134315,20.730100631713867,/ztf/archive/sci/2020/0128/434132/ztf_20200128434132_000754_zi_c11_o_q4_scimrefdiffimg.fits.fz,Kulkarni,2,t17_f5_c3,1122.0,43.0,754.0,27.069299697875977,3.091950020461809e-06,0.016861099749803543,0.17741699516773224,1.115119994210545e-05,,,,,,,,,,,,,,,,,,,,,,,,,,,,,,,,,,,,,,,ZTF18acibujg
2458878.8455093,2,1124345504315,20.2455997467041,/ztf/archive/sci/2020/0130/345509/ztf_20200130345509_000754_zr_c11_o_q4_scimrefdiffimg.fits.fz,Kulkarni,1,t17_f5_c3,1124.0,43.0,754.0,26.357500076293945,2.0378100089146756e-05,0.02827809937298298,0.1135220006108284,2.819399924192112e-05,1.124345504315015e+18,1,5.0,2658.75,1243.8800048828125,174.9112529,48.3458485,19.64349937438965,0.14202600717544556,1.7495499849319458,19.309099197387695,0.1492999941110611,0.526826024055481,17.107999801635742,0.05900000035762787,5.248000144958496,0.35199999809265137,0.02770799957215786,-0.33441099524497986,1.5814399719238281,0.421999990940094,413.7489929199219,0.9365419745445251,2.0,1.0729999542236328,1.003999948501587,0.6784939765930176,0.634863018989563,1.0687199831008911,4.0,0.0,0.8671429753303528,1.0,19.296600341796875,0.18119999766349792,174.9110407,48.3458028,5.39738,ZTF18acibujg
2458878.8464236,2,1124346424315,20.303699493408203,/ztf/archive/sci/2020/0130/346412/ztf_20200130346412_000754_zr_c11_o_q4_scimrefdiffimg.fits.fz,Kulkarni,2,t17_f5_c3,1124.0,43.0,754.0,26.35420036315918,2.0313500499469228e-05,0.027991600334644318,0.11499900370836258,2.79792002402246e-05,,,,,,,,,,,,,,,,,,,,,,,,,,,,,,,,,,,,,,,ZTF18acibujg
2458877.8043981,2,1123304394315,20.072399139404297,/ztf/archive/sci/2020/0129/304375/ztf_20200129304375_000754_zr_c11_o_q4_scimrefdiffimg.fits.fz,Kulkarni,2,t17_f5_c3,1123.0,43.0,754.0,26.319900512695312,2.7018399123335257e-05,0.03252410143613815,0.11350899934768677,3.785109947784804e-05,1.123304394315015e+18,1,2.0,2668.25,1219.8399658203125,174.9114957,48.3459731,19.362899780273438,0.13886800408363342,1.4343899488449097,19.271099090576172,0.15629999339580536,1.233680009841919,17.107999801635742,0.05900000035762787,5.248000144958496,0.35199999809265137,-0.07513900101184845,-0.09177800267934799,1.6745500564575195,0.5440000295639038,404.2539978027344,0.8013129830360413,2.0,0.9959999918937683,0.9599999785423279,0.5947870016098022,0.5732889771461487,1.037500023841858,2.0,0.0,0.8628569841384888,1.0,19.173200607299805,0.17659999430179596,174.9110407,48.3458028,5.30081,ZTF18acibujg
2458877.8527894,2,1123352784315,20.342500686645508,/ztf/archive/sci/2020/0129/352766/ztf_20200129352766_000754_zr_c11_o_q4_scimrefdiffimg.fits.fz,Kulkarni,2,t17_f5_c3,1123.0,43.0,754.0,26.34709930419922,1.6582200260018e-05,0.02528960071504116,0.11496400088071823,2.30388995987596e-05,1.123352784315015e+18,1,7.0,2671.43994140625,1235.719970703125,174.9113784,48.3458995,19.36009979248047,0.1381099969148636,1.3287299871444702,19.094900131225586,0.12160000205039978,0.8689280152320862,17.107999801635742,0.05900000035762787,5.248000144958496,0.35199999809265137,-0.5108630061149597,-0.2652069926261902,1.469670057296753,0.8149999976158142,401.0639953613281,1.2475899457931519,2.0,0.8700000047683716,0.7929999828338623,0.5919700264930725,0.5395770072937012,1.097100019454956,1.0,0.0,0.8957139849662781,1.0,18.959699630737305,0.1316000074148178,174.9110407,48.3458028,5.17377,ZTF18acibujg
