jd,fid,pid,diffmaglim,pdiffimfilename,programpi,programid,candid,isdiffpos,tblid,nid,rcid,field,xpos,ypos,ra,dec,magpsf,sigmapsf,chipsf,magap,sigmagap,distnr,magnr,sigmagnr,chinr,sharpnr,sky,magdiff,fwhm,classtar,mindtoedge,magfromlim,seeratio,aimage,bimage,aimagerat,bimagerat,elong,nneg,nbad,rb,sumrat,magapbig,sigmagapbig,ranr,decnr,scorr,rbversion,magzpsci,magzpsciunc,magzpscirms,clrcoeff,clrcounc,obj_id
2458427.0387847,2,672538785715,19.92970085144043,/ztf/archive/sci/2018/1104/538785/ztf_20181104538785_000521_zr_c15_o_q2_scimrefdiffimg.fits.fz,Kulkarni,1,6.72538785715015e+17,t,2.0,672,57,521,284.5780029296875,515.3889770507812,156.6288862,15.3407937,19.7362003326416,0.20798000693321228,0.7675470113754272,19.54450035095215,0.23659999668598175,2.7897698879241943,19.322999954223633,0.09000000357627869,6.216000080108643,0.3050000071525574,0.3201009929180145,-0.19166000187397003,4.090000152587891,0.8050000071525574,284.5780029296875,0.3852219879627228,0.7347689867019653,1.0460000038146973,0.8180000185966492,0.2557460069656372,0.20000000298023224,1.278730034828186,3.0,0.0,0.6299999952316284,0.9950680136680603,19.48069953918457,0.28630000352859497,156.6296994,15.3407605,10.0222,t12_f5_c3,,,,,,ZTF18accwjiu
2458427.0383333,2,672538331515,20.012100219726562,/ztf/archive/sci/2018/1104/538322/ztf_20181104538322_000572_zr_c04_o_q4_scimrefdiffimg.fits.fz,Kulkarni,1,6.72538331515015e+17,t,35.0,672,15,572,1886.43994140625,2556.030029296875,156.6289246,15.340863,20.014999389648438,0.2162729948759079,1.2600500583648682,19.880599975585938,0.3278000056743622,2.46028995513916,19.434999465942383,0.1289999932050705,6.565000057220459,0.824999988079071,0.12840400636196136,-0.1343729943037033,3.7100000381469727,0.9779999852180481,524.4660034179688,0.13148100674152374,0.7383130192756653,0.878000020980835,0.7160000205039978,0.2366580069065094,0.19299200177192688,1.2262599468231201,6.0,0.0,0.7066670060157776,0.9696339964866638,19.835100173950195,0.40380001068115234,156.6296058,15.3406459,8.01151,t12_f5_c3,,,,,,ZTF18accwjiu
2458430.0226273,2,675522621515,20.465599060058594,/ztf/archive/sci/2018/1107/522627/ztf_20181107522627_000572_zr_c04_o_q4_scimrefdiffimg.fits.fz,Kulkarni,1,6.75522621515015e+17,t,46.0,675,15,572,1874.8399658203125,2553.469970703125,156.6289284,15.3408595,18.67259979248047,0.06990300118923187,8.799519538879395,18.718700408935547,0.09529999643564224,2.4440999031066895,19.434999465942383,0.1289999932050705,6.565000057220459,0.824999988079071,0.13137699663639069,0.04614799842238426,1.809999942779541,0.9829999804496765,527.0339965820312,1.746899962425232,1.2262400388717651,0.6110000014305115,0.5770000219345093,0.337568998336792,0.31878501176834106,1.0589300394058228,6.0,0.0,0.7400000095367432,0.9877619743347168,18.728900909423828,0.1225999966263771,156.6296058,15.3406459,32.011,t12_f5_c3,,,,,,ZTF18accwjiu
2458430.0221759,2,675522175715,20.28420066833496,/ztf/archive/sci/2018/1107/522176/ztf_20181107522176_000521_zr_c15_o_q2_scimrefdiffimg.fits.fz,Kulkarni,1,6.75522175715015e+17,t,3.0,675,57,521,272.5790100097656,512.3839721679688,156.6289441,15.3408551,18.63129997253418,0.10576499998569489,6.507740020751953,18.6117000579834,0.08739999681711197,2.610650062561035,19.322999954223633,0.09000000357627869,6.216000080108643,0.3050000071525574,-0.03296399861574173,-0.01960100047290325,2.1600000858306885,0.9929999709129333,272.5790100097656,1.6725000143051147,1.1899199485778809,0.7099999785423279,0.6449999809265137,0.32870399951934814,0.29861098527908325,1.1007800102233887,6.0,0.0,0.6466670036315918,0.9416679739952087,18.57550048828125,0.10779999941587448,156.6296994,15.3407605,28.2201,t12_f5_c3,,,,,,ZTF18accwjiu
2458427.0383333,2,672538331515,20.012100219726562,/ztf/archive/sci/2018/1104/538322/ztf_20181104538322_000572_zr_c04_o_q4_scimrefdiffimg.fits.fz,Kulkarni,1,6.72538331515015e+17,t,35.0,672,15,572,1886.43994140625,2556.030029296875,156.6289246,15.340863,20.014999389648438,0.2162729948759079,1.2600500583648682,19.880599975585938,0.3278000056743622,2.46028995513916,19.434999465942383,0.1289999932050705,6.565000057220459,0.824999988079071,0.12840400636196136,-0.1343729943037033,3.7100000381469727,0.9779999852180481,524.4660034179688,0.13148100674152374,0.7383130192756653,0.878000020980835,0.7160000205039978,0.2366580069065094,0.19299200177192688,1.2262599468231201,6.0,0.0,0.7066670060157776,0.9696339964866638,19.835100173950195,0.40380001068115234,156.6296058,15.3406459,8.01151,t12_f5_c3,26.128999710083008,1.4090899639995769e-05,0.02735240012407303,0.09130170196294785,1.904969940369483e-05,ZTF18accwjiu
2458430.0226273,2,675522621515,20.465599060058594,/ztf/archive/sci/2018/1107/522627/ztf_20181107522627_000572_zr_c04_o_q4_scimrefdiffimg.fits.fz,Kulkarni,1,6.75522621515015e+17,t,46.0,675,15,572,1874.8399658203125,2553.469970703125,156.6289284,15.3408595,18.67259979248047,0.06990300118923187,8.799519538879395,18.718700408935547,0.09529999643564224,2.4440999031066895,19.434999465942383,0.1289999932050705,6.565000057220459,0.824999988079071,0.13137699663639069,0.04614799842238426,1.809999942779541,0.9829999804496765,527.0339965820312,1.746899962425232,1.2262400388717651,0.6110000014305115,0.5770000219345093,0.337568998336792,0.31878501176834106,1.0589300394058228,6.0,0.0,0.7400000095367432,0.9877619743347168,18.728900909423828,0.1225999966263771,156.6296058,15.3406459,32.011,t12_f5_c3,26.12660026550293,1.4421500054595526e-05,0.027587100863456726,0.09622489660978317,1.9458400856819935e-05,ZTF18accwjiu
2458433.0378935,2,678537891515,20.079099655151367,/ztf/archive/sci/2018/1110/537882/ztf_20181110537882_000572_zr_c04_o_q4_scimrefdiffimg.fits.fz,Kulkarni,1,6.78537891515015e+17,t,60.0,678,15,572,1870.6500244140625,2572.949951171875,156.6289441,15.3408605,17.750499725341797,0.050147999078035355,4.499589920043945,17.801700592041016,0.049400001764297485,2.3944499492645264,19.434999465942383,0.1289999932050705,6.565000057220459,0.824999988079071,0.26291000843048096,0.05121200159192085,2.2300000190734863,0.9829999804496765,507.552001953125,2.2773799896240234,1.1733200550079346,0.8309999704360962,0.7789999842643738,0.3726460039615631,0.3493269979953766,1.0667500495910645,0.0,0.0,0.8533329963684082,1.0,17.74329948425293,0.05939999967813492,156.6296058,15.3406459,48.6338,t12_f5_c3,26.112499237060547,1.6017000234569423e-05,0.02885580062866211,0.11275099962949753,2.1415100491140038e-05,ZTF18accwjiu
2458427.0387847,2,672538785715,19.92970085144043,/ztf/archive/sci/2018/1104/538785/ztf_20181104538785_000521_zr_c15_o_q2_scimrefdiffimg.fits.fz,Kulkarni,1,6.72538785715015e+17,t,2.0,672,57,521,284.5780029296875,515.3889770507812,156.6288862,15.3407937,19.7362003326416,0.20798000693321228,0.7675470113754272,19.54450035095215,0.23659999668598175,2.7897698879241943,19.322999954223633,0.09000000357627869,6.216000080108643,0.3050000071525574,0.3201009929180145,-0.19166000187397003,4.090000152587891,0.8050000071525574,284.5780029296875,0.3852219879627228,0.7347689867019653,1.0460000038146973,0.8180000185966492,0.2557460069656372,0.20000000298023224,1.278730034828186,3.0,0.0,0.6299999952316284,0.9950680136680603,19.48069953918457,0.28630000352859497,156.6296994,15.3407605,10.0222,t12_f5_c3,26.138200759887695,1.196349967358401e-05,0.025665000081062317,0.088823601603508,1.6187899746000767e-05,ZTF18accwjiu
2458430.0221759,2,675522175715,20.28420066833496,/ztf/archive/sci/2018/1107/522176/ztf_20181107522176_000521_zr_c15_o_q2_scimrefdiffimg.fits.fz,Kulkarni,1,6.75522175715015e+17,t,3.0,675,57,521,272.5790100097656,512.3839721679688,156.6289441,15.3408551,18.63129997253418,0.10576499998569489,6.507740020751953,18.6117000579834,0.08739999681711197,2.610650062561035,19.322999954223633,0.09000000357627869,6.216000080108643,0.3050000071525574,-0.03296399861574173,-0.01960100047290325,2.1600000858306885,0.9929999709129333,272.5790100097656,1.6725000143051147,1.1899199485778809,0.7099999785423279,0.6449999809265137,0.32870399951934814,0.29861098527908325,1.1007800102233887,6.0,0.0,0.6466670036315918,0.9416679739952087,18.57550048828125,0.10779999941587448,156.6296994,15.3407605,28.2201,t12_f5_c3,26.14430046081543,1.1966199963353574e-05,0.02582019940018654,0.08855800330638885,1.6038500689319335e-05,ZTF18accwjiu
2458433.0383449,2,678538345715,20.054500579833984,/ztf/archive/sci/2018/1110/538345/ztf_20181110538345_000521_zr_c15_o_q2_scimrefdiffimg.fits.fz,Kulkarni,1,6.78538345715015e+17,t,3.0,678,57,521,269.6440124511719,532.4030151367188,156.6289574,15.3408373,17.71929931640625,0.06366699934005737,7.423989772796631,17.690200805664062,0.04340000078082085,2.558300018310547,19.322999954223633,0.09000000357627869,6.216000080108643,0.3050000071525574,-0.2849540114402771,-0.029078999534249306,2.390000104904175,0.9829999804496765,269.6440124511719,2.364269971847534,1.1528199911117554,0.8790000081062317,0.8399999737739563,0.36778199672698975,0.35146400332450867,1.046429991722107,0.0,0.0,0.7833330035209656,1.0,17.66189956665039,0.05350000038743019,156.6296994,15.3407605,49.0229,t12_f5_c3,26.135299682617188,1.0571799975878093e-05,0.024545999243855476,0.11006899923086166,1.4406899936147965e-05,ZTF18accwjiu
2458440.056331,2,685556335715,19.78730010986328,/ztf/archive/sci/2018/1117/556331/ztf_20181117556331_000521_zr_c15_o_q2_scimrefdiffimg.fits.fz,Kulkarni,1,6.85556335715015e+17,t,2.0,685,57,521,284.64300537109375,544.72802734375,156.6289387,15.3408643,17.0625,0.04679400101304054,25.367599487304688,17.092599868774414,0.0364999994635582,2.6338400840759277,19.322999954223633,0.09000000357627869,6.216000080108643,0.3050000071525574,0.27773401141166687,0.03012700006365776,2.0899999141693115,0.9869999885559082,284.64300537109375,2.6946499347686768,1.1318199634552002,0.6570000052452087,0.6179999709129333,0.3143540024757385,0.2956939935684204,1.0631099939346313,1.0,0.0,0.7833330035209656,1.0,17.12220001220703,0.04740000143647194,156.6296994,15.3407605,58.6436,t12_f5_c3,25.956499099731445,1.4614700376114342e-05,0.028673699125647545,0.09757480025291443,1.9935800082748756e-05,ZTF18accwjiu
2458442.9162153,2,688416215715,19.271699905395508,/ztf/archive/sci/2018/1120/416169/ztf_20181120416169_000521_zr_c15_o_q2_scimrefdiffimg.fits.fz,Kulkarni,1,6.88416215715015e+17,t,7.0,688,57,521,249.16400146484375,520.5960083007812,156.6289388,15.3408684,17.013099670410156,0.04377000033855438,12.516599655151367,17.052600860595703,0.05260000005364418,2.633820056915283,19.322999954223633,0.09000000357627869,6.216000080108643,0.3050000071525574,-2.422260046005249,0.03946299850940704,2.1500000953674316,0.9919999837875366,249.16400146484375,2.219059944152832,1.144070029258728,0.7300000190734863,0.6819999814033508,0.3395349979400635,0.31720900535583496,1.0703799724578857,1.0,0.0,0.7633330225944519,1.0,17.00790023803711,0.06440000236034393,156.6296994,15.3407605,46.1803,t12_f5_c3,25.84910011291504,2.298700019309763e-05,0.036914099007844925,0.09683609753847122,3.08974995277822e-05,ZTF18accwjiu
2458439.0547569,2,684554751515,20.11520004272461,/ztf/archive/sci/2018/1116/554699/ztf_20181116554699_000572_zr_c04_o_q4_scimrefdiffimg.fits.fz,Kulkarni,1,6.84554751515015e+17,t,43.0,684,15,572,1890.3599853515625,2585.4599609375,156.6289395,15.3408645,17.045700073242188,0.041370999068021774,64.89679718017578,17.04599952697754,0.02710000053048134,2.41444993019104,19.434999465942383,0.1289999932050705,6.565000057220459,0.824999988079071,0.62779301404953,0.0002969999914057553,1.8700000047683716,1.0,495.0400085449219,3.0691699981689453,1.249169945716858,0.6650000214576721,0.6380000114440918,0.3556149899959564,0.34117600321769714,1.0423200130462646,0.0,0.0,0.7566670179367065,1.0,17.032499313354492,0.03370000049471855,156.6296058,15.3406459,71.6545,t12_f5_c3,26.143699645996094,1.3933000445831567e-05,0.02718989923596382,0.09922049939632416,1.8744400222203694e-05,ZTF18accwjiu
2458440.0554167,2,685555411515,20.047300338745117,/ztf/archive/sci/2018/1117/555417/ztf_20181117555417_000572_zr_c04_o_q4_scimrefdiffimg.fits.fz,Kulkarni,1,,,,685,15,572,,,,,,,,,,,,,,,,,,,,,,,,,,,,,,,,,,,,t12_f5_c3,25.928800582885742,1.7881999156088568e-05,0.030766399577260017,0.09478270262479782,2.4258100893348455e-05,ZTF18accwjiu
2458442.9137153,2,688413711515,19.243900299072266,/ztf/archive/sci/2018/1120/413715/ztf_20181120413715_000572_zr_c04_o_q4_scimrefdiffimg.fits.fz,Kulkarni,1,6.88413711515015e+17,t,14.0,688,15,572,1849.949951171875,2558.830078125,156.6289484,15.3408616,16.999799728393555,0.034988999366760254,3.476759910583496,17.01650047302246,0.054099999368190765,2.380280017852783,19.434999465942383,0.1289999932050705,6.565000057220459,0.824999988079071,0.34819498658180237,0.016652999445796013,1.8700000047683716,0.984000027179718,521.6719970703125,2.2273499965667725,1.2663999795913696,0.6830000281333923,0.6439999938011169,0.36524099111557007,0.3443849980831146,1.0605599880218506,1.0,0.0,0.8033329844474792,1.0,17.092500686645508,0.0738999992609024,156.6296058,15.3406459,42.1006,t12_f5_c3,25.84980010986328,2.286080052726902e-05,0.034970298409461975,0.10540299862623215,3.081520117120817e-05,ZTF18accwjiu
2458447.9817477,2,693481741515,19.547399520874023,/ztf/archive/sci/2018/1125/481748/ztf_20181125481748_000572_zr_c04_o_q4_scimrefdiffimg.fits.fz,Kulkarni,1,6.93481741515015e+17,1,36.0,693,15,572,1878.3699951171875,2581.830078125,156.6289522,15.3408627,17.163799285888672,0.04837900027632713,9.144729614257812,17.078899383544922,0.03779999911785126,2.370500087738037,19.434999465942383,0.1289999932050705,6.565000057220459,0.824999988079071,-0.4601399898529053,-0.08486700057983398,2.569999933242798,0.984000027179718,498.6709899902344,2.4684998989105225,1.0800700187683105,0.9139999747276306,0.8769999742507935,0.3556419909000397,0.34124499559402466,1.0421899557113647,0.0,0.0,0.7099999785423279,1.0,17.03350067138672,0.04600000008940697,156.6296058,15.3406459,48.3764,t12_f5_c3,26.11079978942871,2.665210013219621e-05,0.037360601127147675,0.10401900112628937,3.586210004868917e-05,ZTF18accwjiu
2458447.9808333,2,693480835715,19.62190055847168,/ztf/archive/sci/2018/1125/480822/ztf_20181125480822_000521_zr_c15_o_q2_scimrefdiffimg.fits.fz,Kulkarni,1,6.93480835715015e+17,t,6.0,693,57,521,276.385009765625,541.676025390625,156.628927,15.3408605,17.182100296020508,0.05145600065588951,14.779999732971191,17.233400344848633,0.041200000792741776,2.6713900566101074,19.322999954223633,0.09000000357627869,6.216000080108643,0.3050000071525574,0.4094649851322174,0.05126899853348732,2.559999942779541,0.9829999804496765,276.385009765625,2.3884599208831787,1.0690799951553345,0.8029999732971191,0.7770000100135803,0.3136720061302185,0.3035160005092621,1.033460021018982,0.0,0.0,0.7733330130577087,1.0,17.236000061035156,0.05249999836087227,156.6296994,15.3407605,57.1318,t12_f5_c3,26.133100509643555,1.6222700651269406e-05,0.03042070008814335,0.11060599982738495,2.2078200345276855e-05,ZTF18accwjiu
2458440.0554167,2,685555411515,20.047300338745117,/ztf/archive/sci/2018/1117/555417/ztf_20181117555417_000572_zr_c04_o_q4_scimrefdiffimg.fits.fz,Kulkarni,1,6.85555411515015e+17,t,23.0,685,15,572,1887.0999755859375,2585.550048828125,156.6289437,15.340856,17.08880043029785,0.04148000106215477,45.88970184326172,17.056299209594727,0.03310000151395798,2.3753600120544434,19.434999465942383,0.1289999932050705,6.565000057220459,0.824999988079071,0.7093369960784912,-0.03248700127005577,1.7000000476837158,0.984000027179718,494.9490051269531,2.990959882736206,1.1844700574874878,0.574999988079071,0.5199999809265137,0.3382349908351898,0.3058820068836212,1.1057699918746948,2.0,0.0,0.6899999976158142,1.0,17.04450035095215,0.0414000004529953,156.6296058,15.3406459,37.9496,t12_f5_c3,25.928800582885742,1.7881999156088568e-05,0.030766399577260017,0.09478270262479782,2.4258100893348455e-05,ZTF18accwjiu
2458447.9817477,2,693481741515,19.547399520874023,/ztf/archive/sci/2018/1125/481748/ztf_20181125481748_000572_zr_c04_o_q4_scimrefdiffimg.fits.fz,Kulkarni,1,6.93481741515015e+17,t,36.0,693,15,572,1878.3699951171875,2581.830078125,156.6289522,15.3408627,17.163799285888672,0.04837900027632713,9.144729614257812,17.078899383544922,0.03779999911785126,2.370500087738037,19.434999465942383,0.1289999932050705,6.565000057220459,0.824999988079071,-0.4601399898529053,-0.08486700057983398,2.569999933242798,0.984000027179718,498.6709899902344,2.4684998989105225,1.0800700187683105,0.9139999747276306,0.8769999742507935,0.3556419909000397,0.34124499559402466,1.0421899557113647,0.0,0.0,0.7099999785423279,1.0,17.03350067138672,0.04600000008940697,156.6296058,15.3406459,48.3764,t12_f5_c3,26.11079978942871,2.665210013219621e-05,0.037360601127147675,0.10401900112628937,3.586210004868917e-05,ZTF18accwjiu
2458448.0403819,2,693540381515,19.514699935913086,/ztf/archive/sci/2018/1125/540382/ztf_20181125540382_000572_zr_c04_o_q4_scimrefdiffimg.fits.fz,Kulkarni,1,6.93540381515015e+17,t,41.0,693,15,572,1884.43994140625,2583.93994140625,156.628941,15.3408592,17.15559959411621,0.04383600130677223,8.855090141296387,17.233999252319336,0.04010000079870224,2.402630090713501,19.434999465942383,0.1289999932050705,6.565000057220459,0.824999988079071,0.19213999807834625,0.07839000225067139,2.7300000190734863,0.9940000176429749,496.56298828125,2.2807199954986572,1.1431000232696533,0.9229999780654907,0.9039999842643738,0.3380950093269348,0.33113598823547363,1.0210200548171997,0.0,0.0,0.6899999976158142,1.0,17.246200561523438,0.051500000059604645,156.6296058,15.3406459,53.3481,t12_f5_c3,26.129600524902344,2.2211999748833477e-05,0.034375499933958054,0.11013100296258926,2.9974600693094544e-05,ZTF18accwjiu
2458448.9696759,2,694469671515,19.458999633789062,/ztf/archive/sci/2018/1126/469676/ztf_20181126469676_000572_zr_c04_o_q4_scimrefdiffimg.fits.fz,Kulkarni,1,6.94469671515015e+17,t,38.0,694,15,572,1875.3199462890625,2562.85009765625,156.6289618,15.3408588,17.275400161743164,0.045673999935388565,5.422510147094727,17.298200607299805,0.04659999907016754,2.343369960784912,19.434999465942383,0.1289999932050705,6.565000057220459,0.824999988079071,0.39444100856781006,0.022846000269055367,2.559999942779541,0.984000027179718,517.64697265625,2.160749912261963,1.158210039138794,0.8650000095367432,0.8519999980926514,0.33789101243019104,0.33281299471855164,1.0152599811553955,0.0,0.0,0.7433329820632935,1.0,17.305500030517578,0.059700001031160355,156.6296058,15.3406459,44.4124,t12_f5_c3,26.11840057373047,2.8106900572311133e-05,0.03838200122117996,0.09903629869222641,3.7826499465154484e-05,ZTF18accwjiu
2458449.9565046,2,695456505715,19.39229965209961,/ztf/archive/sci/2018/1127/456493/ztf_20181127456493_000521_zr_c15_o_q2_scimrefdiffimg.fits.fz,Kulkarni,1,6.95456505715015e+17,t,3.0,695,57,521,272.7560119628906,528.02099609375,156.6289523,15.3408484,17.41200065612793,0.04934599995613098,1.9589099884033203,17.24799919128418,0.05000000074505806,2.579669952392578,19.322999954223633,0.09000000357627869,6.216000080108643,0.3050000071525574,-1.5087699890136719,-0.16395500302314758,2.809999942779541,0.9829999804496765,272.7560119628906,2.144289970397949,0.9894430041313171,0.9769999980926514,0.7979999780654907,0.3476870059967041,0.28398600220680237,1.224310040473938,1.0,0.0,0.6033329963684082,1.0,17.249099731445312,0.06379999965429306,156.6296994,15.3407605,37.5836,t12_f5_c3,26.093000411987305,2.2757199985790066e-05,0.036042600870132446,0.1017019972205162,3.090649988735095e-05,ZTF18accwjiu
2458461.9604977,1,707460495715,19.840900421142578,/ztf/archive/sci/2018/1209/460486/ztf_20181209460486_000521_zg_c15_o_q2_scimrefdiffimg.fits.fz,Kulkarni,1,7.07460495715015e+17,t,0.0,707,57,521,272.14801025390625,552.4500122070312,156.6289163,15.3408633,18.959199905395508,0.15761399269104004,2.720170021057129,18.896900177001953,0.14380000531673431,0.30008798837661743,19.822999954223633,0.04699999839067459,1.9639999866485596,0.1289999932050705,-0.2669990062713623,-0.06225299835205078,2.990000009536743,0.9769999980926514,272.14801025390625,0.9439650177955627,0.9923539757728577,0.7710000276565552,0.7580000162124634,0.257860004901886,0.2535119950771332,1.0171500444412231,7.0,0.0,0.613332986831665,0.9870740175247192,18.86009979248047,0.17730000615119934,156.6289786,15.3409226,17.5956,t12_f5_c3,25.713199615478516,3.3142900065286085e-05,0.04174460098147392,-0.10972700268030167,5.168489951756783e-05,ZTF18accwjiu
2458462.0411458,2,707541145715,20.1210994720459,/ztf/archive/sci/2018/1209/541134/ztf_20181209541134_000521_zr_c15_o_q2_scimrefdiffimg.fits.fz,Kulkarni,1,7.07541145715015e+17,t,4.0,707,57,521,269.60699462890625,555.6619873046875,156.6289578,15.3408547,17.8656005859375,0.05800199881196022,13.366900444030762,17.90169906616211,0.053700000047683716,2.564229965209961,19.322999954223633,0.09000000357627869,6.216000080108643,0.3050000071525574,0.10764899849891663,0.036104001104831696,2.140000104904175,0.996999979019165,269.60699462890625,2.2193799018859863,1.1883399486541748,0.699999988079071,0.6549999713897705,0.32710298895835876,0.30607500672340393,1.0686999559402466,2.0,0.0,0.8066669702529907,0.9975799918174744,17.92449951171875,0.06939999759197235,156.6296994,15.3407605,48.6928,t12_f5_c3,26.004600524902344,1.0490300155652221e-05,0.02449450083076954,0.10005199909210205,1.4272999578679446e-05,ZTF18accwjiu
2458449.9518056,2,695451801515,19.072200775146484,/ztf/archive/sci/2018/1127/451806/ztf_20181127451806_000572_zr_c04_o_q4_scimrefdiffimg.fits.fz,Kulkarni,1,6.95451801515015e+17,t,20.0,695,15,572,1874.280029296875,2567.669921875,156.6289406,15.3408611,17.362899780273438,0.03750700131058693,6.607920169830322,17.319799423217773,0.0868000015616417,2.4057199954986572,19.434999465942383,0.1289999932050705,6.565000057220459,0.824999988079071,4.259300231933594,-0.04312099888920784,1.840000033378601,0.9950000047683716,512.8319702148438,1.7523499727249146,1.224660038948059,0.6460000276565552,0.6079999804496765,0.3510870039463043,0.33043500781059265,1.0625,2.0,0.0,0.7300000190734863,0.9996100068092346,17.284700393676758,0.10779999941587448,156.6296058,15.3406459,31.1407,t12_f5_c3,25.88789939880371,2.4358399969059974e-05,0.035751599818468094,0.0969562977552414,3.2765801734058186e-05,ZTF18accwjiu
2458461.9810648,1,707481061515,20.162900924682617,/ztf/archive/sci/2018/1209/481042/ztf_20181209481042_000572_zg_c04_o_q4_scimrefdiffimg.fits.fz,Kulkarni,1,7.07481061515015e+17,t,29.0,707,15,572,1881.280029296875,2591.9599609375,156.6289867,15.3408603,18.895299911499023,0.10850799828767776,2.059720039367676,18.875499725341797,0.09470000118017197,2.573960065841675,19.548999786376953,0.10499999672174454,6.611999988555908,0.38999998569488525,0.07001399993896484,-0.01982700079679489,4.690000057220459,0.9649999737739563,488.5409851074219,1.2874499559402466,0.7354850172996521,1.034000039100647,0.9470000267028809,0.22046899795532227,0.20191900432109833,1.0918699502944946,1.0,0.0,0.5133330225944519,1.0,18.853500366210938,0.11789999902248383,156.6297202,15.3407036,22.2032,t12_f5_c3,26.05929946899414,2.705959923332557e-05,0.03655970096588135,-0.12330599874258041,4.050890129292384e-05,ZTF18accwjiu
2458462.0406829,2,707540681515,20.208599090576172,/ztf/archive/sci/2018/1209/540683/ztf_20181209540683_000572_zr_c04_o_q4_scimrefdiffimg.fits.fz,Kulkarni,1,7.07540681515015e+17,t,24.0,707,15,572,1872.719970703125,2595.72998046875,156.6289342,15.3408593,17.837799072265625,0.045469000935554504,11.578100204467773,17.853700637817383,0.05249999836087227,2.4263501167297363,19.434999465942383,0.1289999932050705,6.565000057220459,0.824999988079071,-0.07433699816465378,0.01593800075352192,1.8600000143051147,0.9950000047683716,484.77099609375,2.3548600673675537,1.238319993019104,0.6370000243186951,0.6179999709129333,0.34247300028800964,0.3322579860687256,1.0307400226593018,2.0,0.0,0.8133329749107361,1.0,17.859500885009766,0.06679999828338623,156.6296058,15.3406459,52.1146,t12_f5_c3,25.992799758911133,1.592290027474519e-05,0.02910050004720688,0.09749080240726471,2.1473200831678696e-05,ZTF18accwjiu
2458464.9981829,1,710498185715,20.73110008239746,/ztf/archive/sci/2018/1212/498183/ztf_20181212498183_000521_zg_c15_o_q2_scimrefdiffimg.fits.fz,Kulkarni,1,7.10498185715015e+17,1,11.0,710,57,521,268.3890075683594,555.1400146484375,156.6289142,15.3408224,19.274499893188477,0.11980299651622772,2.1229000091552734,19.308399200439453,0.0997999981045723,0.43300700187683105,19.822999954223633,0.04699999839067459,1.9639999866485596,0.1289999932050705,0.014302999712526798,0.03386799991130829,2.680000066757202,0.9810000061988831,268.3890075683594,1.4227299690246582,1.1103099584579468,0.8289999961853027,0.7649999856948853,0.30932798981666565,0.28544801473617554,1.0836600065231323,3.0,0.0,0.7200000286102295,1.0,19.407800674438477,0.13830000162124634,156.6289786,15.3409226,19.2722,t12_f5_c3,26.3125,1.7384900274919346e-05,0.031525399535894394,-0.10126399993896484,2.3896500351838768e-05,ZTF18accwjiu
2458464.9977315,1,710497731515,20.715200424194336,/ztf/archive/sci/2018/1212/497720/ztf_20181212497720_000572_zg_c04_o_q4_scimrefdiffimg.fits.fz,Kulkarni,1,7.10497731515015e+17,1,45.0,710,15,572,1869.5799560546875,2582.02001953125,156.6289643,15.3408677,19.037099838256836,0.096390001475811,3.476680040359497,19.1112003326416,0.08829999715089798,2.656790018081665,19.548999786376953,0.10499999672174454,6.611999988555908,0.38999998569488525,0.3786979913711548,0.07408399879932404,2.869999885559082,0.9810000061988831,498.47900390625,1.6039799451828003,1.0105899572372437,0.7900000214576721,0.7110000252723694,0.2752610146999359,0.24773499369621277,1.111109972000122,4.0,0.0,0.636667013168335,0.9852210283279419,19.069499969482422,0.10779999941587448,156.6297202,15.3407036,28.2126,t12_f5_c3,26.277099609375,1.581109972903505e-05,0.028920099139213562,-0.09231679886579514,2.1400699552032165e-05,ZTF18accwjiu
2458461.9604977,1,707460495715,19.840900421142578,/ztf/archive/sci/2018/1209/460486/ztf_20181209460486_000521_zg_c15_o_q2_scimrefdiffimg.fits.fz,Kulkarni,1,7.07460495715015e+17,1,0.0,707,57,521,272.14801025390625,552.4500122070312,156.6289163,15.3408633,18.959199905395508,0.15761399269104004,2.720170021057129,18.896900177001953,0.14380000531673431,0.30008798837661743,19.822999954223633,0.04699999839067459,1.9639999866485596,0.1289999932050705,-0.2669990062713623,-0.06225299835205078,2.990000009536743,0.9769999980926514,272.14801025390625,0.9439650177955627,0.9923539757728577,0.7710000276565552,0.7580000162124634,0.257860004901886,0.2535119950771332,1.0171500444412231,7.0,0.0,0.613332986831665,0.9870740175247192,18.86009979248047,0.17730000615119934,156.6289786,15.3409226,17.5956,t12_f5_c3,25.713199615478516,3.3142900065286085e-05,0.04174460098147392,-0.10972700268030167,5.168489951756783e-05,ZTF18accwjiu
2458461.9810648,1,707481061515,20.162900924682617,/ztf/archive/sci/2018/1209/481042/ztf_20181209481042_000572_zg_c04_o_q4_scimrefdiffimg.fits.fz,Kulkarni,1,7.07481061515015e+17,1,29.0,707,15,572,1881.280029296875,2591.9599609375,156.6289867,15.3408603,18.895299911499023,0.10850799828767776,2.059720039367676,18.875499725341797,0.09470000118017197,2.573960065841675,19.548999786376953,0.10499999672174454,6.611999988555908,0.38999998569488525,0.07001399993896484,-0.01982700079679489,4.690000057220459,0.9649999737739563,488.5409851074219,1.2874499559402466,0.7354850172996521,1.034000039100647,0.9470000267028809,0.22046899795532227,0.20191900432109833,1.0918699502944946,1.0,0.0,0.5133330225944519,1.0,18.853500366210938,0.11789999902248383,156.6297202,15.3407036,22.2032,t12_f5_c3,26.05929946899414,2.705959923332557e-05,0.03655970096588135,-0.12330599874258041,4.050890129292384e-05,ZTF18accwjiu
2458464.9977315,1,710497731515,20.715200424194336,/ztf/archive/sci/2018/1212/497720/ztf_20181212497720_000572_zg_c04_o_q4_scimrefdiffimg.fits.fz,Kulkarni,1,7.10497731515015e+17,t,45.0,710,15,572,1869.5799560546875,2582.02001953125,156.6289643,15.3408677,19.037099838256836,0.096390001475811,3.476680040359497,19.1112003326416,0.08829999715089798,2.656790018081665,19.548999786376953,0.10499999672174454,6.611999988555908,0.38999998569488525,0.3786979913711548,0.07408399879932404,2.869999885559082,0.9810000061988831,498.47900390625,1.6039799451828003,1.0105899572372437,0.7900000214576721,0.7110000252723694,0.2752610146999359,0.24773499369621277,1.111109972000122,4.0,0.0,0.636667013168335,0.9852210283279419,19.069499969482422,0.10779999941587448,156.6297202,15.3407036,28.2126,t12_f5_c3,26.277099609375,1.581109972903505e-05,0.028920099139213562,-0.09231679886579514,2.1400699552032165e-05,ZTF18accwjiu
2458465.042662,2,710542661515,20.552099227905273,/ztf/archive/sci/2018/1212/542662/ztf_20181212542662_000572_zr_c04_o_q4_scimrefdiffimg.fits.fz,Kulkarni,1,7.10542661515015e+17,t,38.0,710,15,572,1864.949951171875,2585.4599609375,156.6289401,15.3408593,17.940799713134766,0.04952999949455261,17.780399322509766,18.016799926757812,0.04569999873638153,2.406209945678711,19.434999465942383,0.1289999932050705,6.565000057220459,0.824999988079071,0.5542719960212708,0.07597699761390686,1.899999976158142,0.9829999804496765,495.0450134277344,2.5353400707244873,1.2351200580596924,0.6570000052452087,0.6320000290870667,0.34578898549079895,0.33263200521469116,1.0395599603652954,2.0,0.0,0.8033329844474792,1.0,18.030500411987305,0.05829999968409538,156.6296058,15.3406459,52.5396,t12_f5_c3,26.155799865722656,1.3121099982527085e-05,0.02620670013129711,0.1008789986371994,1.7614700482226908e-05,ZTF18accwjiu
2458467.975162,1,713475161515,19.242599487304688,/ztf/archive/sci/2018/1215/475150/ztf_20181215475150_000572_zg_c04_o_q4_scimrefdiffimg.fits.fz,Kulkarni,1,,,,713,15,572,,,,,,,,,,,,,,,,,,,,,,,,,,,,,,,,,,,,t12_f5_c3,24.70639991760254,4.7914101742208004e-05,0.04327460005879402,-0.036227498203516006,8.529549813829362e-05,ZTF18accwjiu
2458468.999537,2,714499531515,20.5669002532959,/ztf/archive/sci/2018/1216/499525/ztf_20181216499525_000572_zr_c04_o_q4_scimrefdiffimg.fits.fz,Kulkarni,1,7.14499531515015e+17,t,47.0,714,15,572,1887.969970703125,2549.239990234375,156.6289335,15.3408695,18.207700729370117,0.04905899986624718,4.662590026855469,18.244600296020508,0.057100001722574234,2.4390599727630615,19.434999465942383,0.1289999932050705,6.565000057220459,0.824999988079071,0.47157400846481323,0.036920998245477676,1.7599999904632568,0.9829999804496765,531.2650146484375,2.3222599029541016,1.2755399942398071,0.6370000243186951,0.597000002861023,0.36193200945854187,0.3392049968242645,1.0670000314712524,1.0,0.0,0.8533329963684082,1.0,18.312299728393555,0.07689999788999557,156.6296058,15.3406459,38.1928,t12_f5_c3,26.149700164794922,1.2229599633428734e-05,0.025687899440526962,0.0989191010594368,1.64222001330927e-05,ZTF18accwjiu
2458464.9981829,1,710498185715,20.73110008239746,/ztf/archive/sci/2018/1212/498183/ztf_20181212498183_000521_zg_c15_o_q2_scimrefdiffimg.fits.fz,Kulkarni,1,7.10498185715015e+17,t,11.0,710,57,521,268.3890075683594,555.1400146484375,156.6289142,15.3408224,19.274499893188477,0.11980299651622772,2.1229000091552734,19.308399200439453,0.0997999981045723,0.43300700187683105,19.822999954223633,0.04699999839067459,1.9639999866485596,0.1289999932050705,0.014302999712526798,0.03386799991130829,2.680000066757202,0.9810000061988831,268.3890075683594,1.4227299690246582,1.1103099584579468,0.8289999961853027,0.7649999856948853,0.30932798981666565,0.28544801473617554,1.0836600065231323,3.0,0.0,0.7200000286102295,1.0,19.407800674438477,0.13830000162124634,156.6289786,15.3409226,19.2722,t12_f5_c3,26.3125,1.7384900274919346e-05,0.031525399535894394,-0.10126399993896484,2.3896500351838768e-05,ZTF18accwjiu
2458465.0422106,2,710542215715,20.594600677490234,/ztf/archive/sci/2018/1212/542199/ztf_20181212542199_000521_zr_c15_o_q2_scimrefdiffimg.fits.fz,Kulkarni,1,7.10542215715015e+17,t,7.0,710,57,521,262.9320068359375,556.3350219726562,156.6289497,15.3408781,17.905799865722656,0.055918000638484955,10.378000259399414,17.952299118041992,0.04050000011920929,2.604249954223633,19.322999954223633,0.09000000357627869,6.216000080108643,0.3050000071525574,-0.045729998499155045,0.04654200002551079,1.899999976158142,0.9829999804496765,262.9320068359375,2.6422901153564453,1.2837400436401367,0.6690000295639038,0.6610000133514404,0.3521049916744232,0.3478949964046478,1.0120999813079834,4.0,0.0,0.7599999904632568,0.9976109862327576,17.958999633789062,0.05119999870657921,156.6296994,15.3407605,52.3278,t12_f5_c3,26.146799087524414,7.92325045040343e-06,0.021348999813199043,0.10874100029468536,1.0787999599415343e-05,ZTF18accwjiu
2458467.9989352,1,713498935715,16.883800506591797,/ztf/archive/sci/2018/1215/498924/ztf_20181215498924_000521_zg_c15_o_q2_scimrefdiffimg.fits.fz,Kulkarni,1,,,,713,57,521,,,,,,,,,,,,,,,,,,,,,,,,,,,,,,,,,,,,t12_f5_c3,22.63409996032715,0.0027034799568355083,0.0890112966299057,-0.02389400079846382,0.008259999565780163,ZTF18accwjiu
2458472.0236921,2,717523691515,20.18549919128418,/ztf/archive/sci/2018/1219/523681/ztf_20181219523681_000572_zr_c04_o_q4_scimrefdiffimg.fits.fz,Kulkarni,1,7.17523691515015e+17,t,32.0,717,15,572,1879.800048828125,2586.239990234375,156.6289744,15.340836,18.482999801635742,0.07567500323057175,2.161710023880005,18.33370018005371,0.06700000166893005,2.2688701152801514,19.434999465942383,0.1289999932050705,6.565000057220459,0.824999988079071,0.044077999889850616,-0.14933599531650543,3.4200000762939453,0.9829999804496765,494.2590026855469,1.851789951324463,0.8442419767379761,1.0670000314712524,0.8960000276565552,0.3119879961013794,0.2619880139827728,1.190850019454956,0.0,0.0,0.5566669702529907,1.0,18.327600479125977,0.08470000326633453,156.6296058,15.3406459,23.3051,t12_f5_c3,26.145000457763672,1.8037699192063883e-05,0.0308998990803957,0.11532299965620041,2.4374599888687953e-05,ZTF18accwjiu
2458474.9768866,2,720476881515,19.54400062561035,/ztf/archive/sci/2018/1222/476875/ztf_20181222476875_000572_zr_c04_o_q4_scimrefdiffimg.fits.fz,Kulkarni,1,7.20476881515015e+17,t,23.0,720,15,572,1890.3800048828125,2577.820068359375,156.6289204,15.3408833,18.657899856567383,0.08114700019359589,1.7691800594329834,18.663700103759766,0.16930000483989716,2.497730016708374,19.434999465942383,0.1289999932050705,6.565000057220459,0.824999988079071,-0.2337370067834854,0.005816000048071146,2.509999990463257,0.9829999804496765,502.6789855957031,0.8802639842033386,1.0337400436401367,0.7630000114440918,0.7139999866485596,0.30398398637771606,0.28446200489997864,1.0686299800872803,2.0,0.0,0.7933329939842224,1.0,18.369800567626953,0.16590000689029694,156.6296058,15.3406459,17.7322,t12_f5_c3,26.164899826049805,1.815329960663803e-05,0.031018100678920746,0.0927530974149704,2.4405899239354767e-05,ZTF18accwjiu
2458474.9764236,2,720476425715,19.57699966430664,/ztf/archive/sci/2018/1222/476424/ztf_20181222476424_000521_zr_c15_o_q2_scimrefdiffimg.fits.fz,Kulkarni,1,7.20476425715015e+17,t,3.0,720,57,521,285.84100341796875,537.8519897460938,156.6289475,15.3408445,18.60810089111328,0.09503500163555145,1.7228100299835205,18.592599868774414,0.15109999477863312,2.594899892807007,19.322999954223633,0.09000000357627869,6.216000080108643,0.3050000071525574,-0.7172899842262268,-0.015526999719440937,3.2300000190734863,0.9829999804496765,285.84100341796875,0.9844430088996887,0.8189809918403625,0.828000009059906,0.7549999952316284,0.25634700059890747,0.2337460070848465,1.096690058708191,1.0,0.0,0.7466670274734497,1.0,18.55500030517578,0.18729999661445618,156.6296994,15.3407605,19.9912,t12_f5_c3,26.175100326538086,1.582689947099425e-05,0.03002760000526905,0.100211001932621,2.154749927285593e-05,ZTF18accwjiu
2458476.9409491,2,722440941515,19.69339942932129,/ztf/archive/sci/2018/1224/440938/ztf_20181224440938_000572_zr_c04_o_q4_scimrefdiffimg.fits.fz,Kulkarni,1,7.22440941515015e+17,t,13.0,722,15,572,1879.260009765625,2556.02001953125,156.6289484,15.3408973,18.684200286865234,0.08301399648189545,1.667680025100708,19.074899673461914,0.25690001249313354,2.4232399463653564,19.434999465942383,0.1289999932050705,6.565000057220459,0.824999988079071,0.6222950220108032,0.39067399501800537,1.7899999618530273,1.0,524.47802734375,0.6184589862823486,1.2109899520874023,0.6549999713897705,0.5950000286102295,0.3659220039844513,0.33240199089050293,1.1008399724960327,3.0,0.0,0.7466670274734497,0.9941040277481079,18.977800369262695,0.30169999599456787,156.6296058,15.3406459,18.6033,t12_f5_c3,26.166200637817383,1.6779900761321187e-05,0.029862800613045692,0.09332349896430969,2.264219983771909e-05,ZTF18accwjiu
2458480.9524884,2,726452481515,19.591400146484375,/ztf/archive/sci/2018/1228/452477/ztf_20181228452477_000572_zr_c04_o_q4_scimrefdiffimg.fits.fz,Kulkarni,1,7.26452481515015e+17,t,16.0,726,15,572,1850.8900146484375,2597.18994140625,156.6289601,15.3408969,18.951099395751953,0.12437199801206589,1.3974299430847168,19.125699996948242,0.2092999964952469,2.3873000144958496,19.434999465942383,0.1289999932050705,6.565000057220459,0.824999988079071,0.10562799870967865,0.17463499307632446,3.5,0.9760000109672546,483.3110046386719,0.46566900610923767,0.8904640078544617,0.968999981880188,0.7889999747276306,0.2768569886684418,0.2254289984703064,1.2281399965286255,3.0,0.0,0.6800000071525574,1.0,18.943199157714844,0.22709999978542328,156.6296058,15.3406459,14.4525,t12_f5_c3,26.1210994720459,2.113230038958136e-05,0.03372960165143013,0.10054399818181992,2.8451899197534658e-05,ZTF18accwjiu
2458480.9986921,1,726498691515,19.728900909423828,/ztf/archive/sci/2018/1228/498681/ztf_20181228498681_000572_zg_c04_o_q4_scimrefdiffimg.fits.fz,Kulkarni,1,,,,726,15,572,,,,,,,,,,,,,,,,,,,,,,,,,,,,,,,,,,,,t12_f5_c3,26.24720001220703,3.14485005219467e-05,0.037675898522138596,-0.059505101293325424,5.170350050320849e-05,ZTF18accwjiu
2458476.9587037,2,722458705715,19.577899932861328,/ztf/archive/sci/2018/1224/458681/ztf_20181224458681_000521_zr_c15_o_q2_scimrefdiffimg.fits.fz,Kulkarni,1,7.22458705715015e+17,t,8.0,722,57,521,278.73199462890625,520.6220092773438,156.6289747,15.3408634,18.80470085144043,0.11405900120735168,2.4853200912475586,19.034700393676758,0.22280000150203705,2.511009931564331,19.322999954223633,0.09000000357627869,6.216000080108643,0.3050000071525574,-0.7458059787750244,0.2300419956445694,2.549999952316284,0.9940000176429749,278.73199462890625,0.5431780219078064,1.0550099611282349,0.6919999718666077,0.6039999723434448,0.2713730037212372,0.23686300218105316,1.1456899642944336,3.0,0.0,0.7933329939842224,0.9838510155677795,19.208900451660156,0.3353999853134155,156.6296994,15.3407605,17.5156,t12_f5_c3,26.185699462890625,1.6170399248949252e-05,0.030140599235892296,0.08170370012521744,2.188459984608926e-05,ZTF18accwjiu
2458480.9991435,1,726499145715,19.76609992980957,/ztf/archive/sci/2018/1228/499144/ztf_20181228499144_000521_zg_c15_o_q2_scimrefdiffimg.fits.fz,Kulkarni,1,,,,726,57,521,,,,,,,,,,,,,,,,,,,,,,,,,,,,,,,,,,,,t12_f5_c3,26.272499084472656,2.625960041768849e-05,0.03515249863266945,-0.048859499394893646,4.4755899580195546e-05,ZTF18accwjiu
2458481.9730093,2,727473001515,20.03219985961914,/ztf/archive/sci/2018/1229/472998/ztf_20181229472998_000572_zr_c04_o_q4_scimrefdiffimg.fits.fz,Kulkarni,1,7.27473001515015e+17,t,31.0,727,15,572,1861.77001953125,2615.330078125,156.6289522,15.3408285,18.970699310302734,0.09856700152158737,1.2048200368881226,18.99810028076172,0.14030000567436218,2.333889961242676,19.434999465942383,0.1289999932050705,6.565000057220459,0.824999988079071,-0.4164299964904785,0.027442000806331635,3.1600000858306885,0.9800000190734863,465.1730041503906,1.0341299772262573,0.8983479738235474,0.9369999766349792,0.9190000295639038,0.296519011259079,0.2908230125904083,1.0195900201797485,1.0,0.0,0.7400000095367432,1.0,18.99449920654297,0.17890000343322754,156.6296058,15.3406459,19.3151,t12_f5_c3,26.128700256347656,1.361740032734815e-05,0.0267667006701231,0.10483500361442566,1.8298900613444857e-05,ZTF18accwjiu
2458481.973912,2,727473915715,20.01219940185547,/ztf/archive/sci/2018/1229/473912/ztf_20181229473912_000521_zr_c15_o_q2_scimrefdiffimg.fits.fz,Kulkarni,1,7.27473915715015e+17,t,1.0,727,57,521,259.31500244140625,579.2890014648438,156.6289768,15.3408058,18.982099533081055,0.1205810010433197,1.6519800424575806,18.70009994506836,0.10419999808073044,2.4819400310516357,19.322999954223633,0.09000000357627869,6.216000080108643,0.3050000071525574,0.16757899522781372,-0.2820329964160919,4.099999904632568,0.8920000195503235,259.31500244140625,1.3121299743652344,0.7216129899024963,1.1239999532699585,1.0809999704360962,0.2741459906101227,0.2636590003967285,1.0397800207138062,2.0,0.0,0.5266669988632202,1.0,18.65019989013672,0.12720000743865967,156.6296994,15.3407605,18.9029,t12_f5_c3,26.1471004486084,1.2033499842800666e-05,0.02613239921629429,0.10566499829292297,1.639279980736319e-05,ZTF18accwjiu
2458483.0066898,1,728506685715,20.27910041809082,/ztf/archive/sci/2018/1230/506678/ztf_20181230506678_000521_zg_c15_o_q2_scimrefdiffimg.fits.fz,Kulkarni,1,,,,728,57,521,,,,,,,,,,,,,,,,,,,,,,,,,,,,,,,,,,,,t12_f5_c3,26.27790069580078,2.3168700863607228e-05,0.036038801074028015,-0.06805939972400665,3.334119901410304e-05,ZTF18accwjiu
2458486.9347222,1,732434725715,20.428199768066406,/ztf/archive/sci/2019/0103/434688/ztf_20190103434688_000521_zg_c15_o_q2_scimrefdiffimg.fits.fz,Kulkarni,1,,,,732,57,521,,,,,,,,,,,,,,,,,,,,,,,,,,,,,,,,,,,,t12_f5_c3,26.305299758911133,2.51418005063897e-05,0.037629298865795135,-0.08323690295219421,3.587299943319522e-05,ZTF18accwjiu
2458483.0071412,1,728507141515,20.347900390625,/ztf/archive/sci/2018/1230/507141/ztf_20181230507141_000572_zg_c04_o_q4_scimrefdiffimg.fits.fz,Kulkarni,1,7.28507141515015e+17,t,31.0,728,15,572,1875.0400390625,2587.739990234375,156.6289,15.3408229,19.926799774169922,0.17977899312973022,1.6039299964904785,19.944700241088867,0.2451999932527542,2.8430800437927246,19.548999786376953,0.10499999672174454,6.611999988555908,0.38999998569488525,0.028889000415802002,0.01791599951684475,2.890000104904175,0.9459999799728394,492.7640075683594,0.4031600058078766,1.0111099481582642,0.7760000228881836,0.7279999852180481,0.2685120105743408,0.2519029974937439,1.0659300088882446,4.0,0.0,0.6933330297470093,0.9786180257797241,20.131399154663086,0.3725999891757965,156.6297202,15.3407036,10.6449,t12_f5_c3,26.23780059814453,2.024000059464015e-05,0.03268970176577568,-0.05559070035815239,2.8296199161559343e-05,ZTF18accwjiu
2458486.9992014,2,732499201515,20.465900421142578,/ztf/archive/sci/2019/0103/499190/ztf_20190103499190_000572_zr_c04_o_q4_scimrefdiffimg.fits.fz,Kulkarni,1,7.32499201515015e+17,t,52.0,732,15,572,1872.5400390625,2584.6201171875,156.6289505,15.340845,19.13290023803711,0.1018339991569519,4.044730186462402,19.048999786376953,0.11949999630451202,2.356529951095581,19.434999465942383,0.1289999932050705,6.565000057220459,0.824999988079071,-0.054287999868392944,-0.0838949978351593,2.640000104904175,0.984000027179718,495.87799072265625,1.416849970817566,0.9160259962081909,0.753000020980835,0.6949999928474426,0.2852270007133484,0.2632580101490021,1.0834499597549438,3.0,0.0,0.7099999785423279,0.997838020324707,18.902700424194336,0.13359999656677246,156.6296058,15.3406459,20.8481,t12_f5_c3,26.1289005279541,1.6554000467294827e-05,0.02944589965045452,0.10919699817895889,2.2230500690056942e-05,ZTF18accwjiu
2458487.0231481,1,732523141515,20.66629981994629,/ztf/archive/sci/2019/0103/523125/ztf_20190103523125_000572_zg_c04_o_q4_scimrefdiffimg.fits.fz,Kulkarni,1,,,,732,15,572,,,,,,,,,,,,,,,,,,,,,,,,,,,,,,,,,,,,t12_f5_c3,26.298200607299805,1.953659921127837e-05,0.03204699978232384,-0.10508300364017487,2.638789919728879e-05,ZTF18accwjiu
2458491.9546296,1,737454621515,19.9906005859375,/ztf/archive/sci/2019/0108/454630/ztf_20190108454630_000572_zg_c04_o_q4_scimrefdiffimg.fits.fz,Kulkarni,1,,,,737,15,572,,,,,,,,,,,,,,,,,,,,,,,,,,,,,,,,,,,,t12_f5_c3,25.575300216674805,2.719069925660733e-05,0.03703109920024872,-0.05263400077819824,4.0205999539466575e-05,ZTF18accwjiu
2458492.0288542,2,737528851515,19.80470085144043,/ztf/archive/sci/2019/0108/528808/ztf_20190108528808_000572_zr_c04_o_q4_scimrefdiffimg.fits.fz,Kulkarni,1,7.37528851515015e+17,t,40.0,737,15,572,1884.550048828125,2568.1201171875,156.6290039,15.3408099,19.2731990814209,0.1341949999332428,0.9716529846191406,19.26180076599121,0.21150000393390656,2.14520001411438,19.434999465942383,0.1289999932050705,6.565000057220459,0.824999988079071,0.27153900265693665,-0.01140500046312809,3.009999990463257,0.9760000109672546,512.3779907226562,0.5428640246391296,0.967199981212616,0.8949999809265137,0.8040000200271606,0.2973420023918152,0.2671099901199341,1.1131800413131714,1.0,0.0,0.6233329772949219,1.0,19.077199935913086,0.2289000004529953,156.6296058,15.3406459,12.5001,t12_f5_c3,25.948200225830078,1.642459938011598e-05,0.029520900920033455,0.11245399713516235,2.2193300537765026e-05,ZTF18accwjiu
2458492.9458218,2,738445821515,19.20829963684082,/ztf/archive/sci/2019/0109/445799/ztf_20190109445799_000572_zr_c04_o_q4_scimrefdiffimg.fits.fz,Kulkarni,1,,,,738,15,572,,,,,,,,,,,,,,,,,,,,,,,,,,,,,,,,,,,,t12_f5_c3,25.002899169921875,4.309490032028407e-05,0.04712900146842003,0.0960685983300209,5.790169961983338e-05,ZTF18accwjiu
2458493.9405556,2,739440551515,20.659500122070312,/ztf/archive/sci/2019/0110/440544/ztf_20190110440544_000572_zr_c04_o_q4_scimrefdiffimg.fits.fz,Kulkarni,1,7.39440551515015e+17,t,61.0,739,15,572,1881.3499755859375,2587.669921875,156.6289087,15.3408597,19.414600372314453,0.0858910009264946,3.585789918899536,19.435199737548828,0.15489999949932098,2.49072003364563,19.434999465942383,0.1289999932050705,6.565000057220459,0.824999988079071,0.26718801259994507,0.020591000095009804,1.840000033378601,0.9829999804496765,492.83099365234375,1.2243200540542603,1.2200900316238403,0.621999979019165,0.5870000123977661,0.3380430042743683,0.319021999835968,1.059630036354065,5.0,0.0,0.7114289999008179,0.96076500415802,19.325000762939453,0.17919999361038208,156.6296058,15.3406459,19.8581,t15_f5_c3,26.158599853515625,1.4069200005906168e-05,0.027199000120162964,0.0943123996257782,1.8940900190500543e-05,ZTF18accwjiu
2458486.9996528,2,732499655715,20.220699310302734,/ztf/archive/sci/2019/0103/499641/ztf_20190103499641_000521_zr_c15_o_q2_scimrefdiffimg.fits.fz,Kulkarni,1,7.32499655715015e+17,t,6.0,732,57,521,267.2019958496094,544.77099609375,156.628926,15.340836,19.159400939941406,0.10689699649810791,1.75232994556427,19.137399673461914,0.12690000236034393,2.6648199558258057,19.322999954223633,0.09000000357627869,6.216000080108643,0.3050000071525574,-0.3872770071029663,-0.02204499952495098,3.9600000381469727,0.9779999852180481,267.2019958496094,1.0832600593566895,0.7741280198097229,0.9010000228881836,0.8100000023841858,0.227524995803833,0.2045450061559677,1.1123499870300293,1.0,0.0,0.6533330082893372,1.0,19.045000076293945,0.14920000731945038,156.6296994,15.3407605,19.2538,t12_f5_c3,26.181400299072266,9.197079634759575e-06,0.02303989976644516,0.08749260008335114,1.2460400284908246e-05,ZTF18accwjiu
2458491.955081,1,737455085715,19.845600128173828,/ztf/archive/sci/2019/0108/455081/ztf_20190108455081_000521_zg_c15_o_q2_scimrefdiffimg.fits.fz,Kulkarni,1,,,,737,57,521,,,,,,,,,,,,,,,,,,,,,,,,,,,,,,,,,,,,t12_f5_c3,25.639299392700195,2.9433600502670743e-05,0.038849201053380966,-0.06974879652261734,4.694599920185283e-05,ZTF18accwjiu
2458492.9439815,2,738443985715,18.92099952697754,/ztf/archive/sci/2019/0109/443970/ztf_20190109443970_000521_zr_c15_o_q2_scimrefdiffimg.fits.fz,Kulkarni,1,7.38443985715015e+17,t,5.0,738,57,521,278.5480041503906,598.3809814453125,156.628874,15.3408676,19.317399978637695,0.32380300760269165,1.2726900577545166,18.90169906616211,0.39559999108314514,2.8575499057769775,19.322999954223633,0.09000000357627869,6.216000080108643,0.3050000071525574,-0.010778999887406826,-0.4156849980354309,1.2195600271224976,0.8659999966621399,278.5480041503906,0.019293999299407005,2.0,0.6420000195503235,0.5189999938011169,0.5264210104942322,0.4255650043487549,1.236989974975586,6.0,0.0,0.5600000023841858,0.8343499898910522,18.991300582885742,0.5516999959945679,156.6296994,15.3407605,5.61515,t12_f5_c3,25.01140022277832,2.6680500013753772e-05,0.038138099014759064,0.10136500000953674,3.65132000297308e-05,ZTF18accwjiu
2458493.9700463,2,739470045715,20.572900772094727,/ztf/archive/sci/2019/0110/470046/ztf_20190110470046_000521_zr_c15_o_q2_scimrefdiffimg.fits.fz,Kulkarni,1,7.39470045715015e+17,t,6.0,739,57,521,279.7080078125,540.6950073242188,156.6289573,15.3408567,19.36949920654297,0.11424200236797333,2.562380075454712,19.33169937133789,0.14169999957084656,2.5672600269317627,19.322999954223633,0.09000000357627869,6.216000080108643,0.3050000071525574,-0.1884389966726303,-0.03775399923324585,2.109999895095825,0.984000027179718,279.7080078125,1.2412199974060059,1.141160011291504,0.6890000104904175,0.6499999761581421,0.3265399932861328,0.3080570101737976,1.059999942779541,5.0,0.0,0.8442860245704651,0.99692302942276,19.404600143432617,0.19359999895095825,156.6296994,15.3407605,19.6754,t15_f5_c3,26.14550018310547,9.522949767415412e-06,0.0232768002897501,0.1052509993314743,1.2926800081913825e-05,ZTF18accwjiu
2458494.9564005,2,740456405715,20.56399917602539,/ztf/archive/sci/2019/0111/456389/ztf_20190111456389_000521_zr_c15_o_q2_scimrefdiffimg.fits.fz,Kulkarni,1,,,,740,57,521,,,,,,,,,,,,,,,,,,,,,,,,,,,,,,,,,,,,t15_f5_c3,26.131799697875977,1.1158000233990606e-05,0.025151200592517853,0.10991799831390381,1.5234099919325672e-05,ZTF18accwjiu
2458494.9633102,1,740463315715,20.643699645996094,/ztf/archive/sci/2019/0111/463299/ztf_20190111463299_000521_zg_c15_o_q2_scimrefdiffimg.fits.fz,Kulkarni,1,,,,740,57,521,,,,,,,,,,,,,,,,,,,,,,,,,,,,,,,,,,,,t15_f5_c3,26.248300552368164,2.0681800378952175e-05,0.03426250070333481,-0.05940239876508713,2.896029945986811e-05,ZTF18accwjiu
2458502.9397801,1,748439785715,19.285400390625,/ztf/archive/sci/2019/0119/439722/ztf_20190119439722_000521_zg_c15_o_q2_scimrefdiffimg.fits.fz,Kulkarni,1,,,,748,57,521,,,,,,,,,,,,,,,,,,,,,,,,,,,,,,,,,,,,t15_f5_c3,26.317399978637695,6.306119757937267e-05,0.04794979840517044,-0.11702500283718109,0.00012702299864031374,ZTF18accwjiu
2458503.0037963,2,748503795715,19.315799713134766,/ztf/archive/sci/2019/0119/503785/ztf_20190119503785_000521_zr_c15_o_q2_scimrefdiffimg.fits.fz,Kulkarni,1,,,,748,57,521,,,,,,,,,,,,,,,,,,,,,,,,,,,,,,,,,,,,t15_f5_c3,26.04290008544922,2.180179944843985e-05,0.035162001848220825,0.09517910331487656,2.972129914269317e-05,ZTF18accwjiu
2458509.0251968,1,754525195715,19.301599502563477,/ztf/archive/sci/2019/0125/525185/ztf_20190125525185_000521_zg_c15_o_q2_scimrefdiffimg.fits.fz,Kulkarni,1,,,,754,57,521,,,,,,,,,,,,,,,,,,,,,,,,,,,,,,,,,,,,t15_f5_c3,26.220399856567383,4.025470116175711e-05,0.0365276001393795,-0.013778899796307087,7.940830255392939e-05,ZTF18accwjiu
2458494.9559375,2,740455931515,20.59709930419922,/ztf/archive/sci/2019/0111/455903/ztf_20190111455903_000572_zr_c04_o_q4_scimrefdiffimg.fits.fz,Kulkarni,1,7.40455931515015e+17,t,60.0,740,15,572,1887.18994140625,2585.949951171875,156.6289502,15.340889,19.42690086364746,0.09371200203895569,1.8325200080871582,19.38050079345703,0.1445000022649765,2.3921399116516113,19.434999465942383,0.1289999932050705,6.565000057220459,0.824999988079071,0.24497100710868835,-0.04639500007033348,2.069999933242798,0.9909999966621399,494.552001953125,1.2166399955749512,1.1833100318908691,0.7789999842643738,0.7059999704360962,0.3763290047645569,0.341062992811203,1.1033999919891357,2.0,0.0,0.7357140183448792,0.9735230207443237,19.4064998626709,0.1891999989748001,156.6296058,15.3406459,18.8842,t15_f5_c3,26.13290023803711,1.0177000149269588e-05,0.023228999227285385,0.10212600231170654,1.373309987684479e-05,ZTF18accwjiu
2458494.9818403,1,740481841515,20.874300003051758,/ztf/archive/sci/2019/0111/481829/ztf_20190111481829_000572_zg_c04_o_q4_scimrefdiffimg.fits.fz,Kulkarni,1,,,,740,15,572,,,,,,,,,,,,,,,,,,,,,,,,,,,,,,,,,,,,t15_f5_c3,26.244800567626953,1.3590100024885032e-05,0.027001099660992622,-0.06755310297012329,1.844749931478873e-05,ZTF18accwjiu
2458502.9402431,1,748440241515,19.503000259399414,/ztf/archive/sci/2019/0119/440231/ztf_20190119440231_000572_zg_c04_o_q4_scimrefdiffimg.fits.fz,Kulkarni,1,,,,748,15,572,,,,,,,,,,,,,,,,,,,,,,,,,,,,,,,,,,,,t15_f5_c3,26.277599334716797,3.79980010620784e-05,0.040181901305913925,-0.09096740186214447,6.569000106537715e-05,ZTF18accwjiu
2458503.0195139,2,748519511515,19.620100021362305,/ztf/archive/sci/2019/0119/519502/ztf_20190119519502_000572_zr_c04_o_q4_scimrefdiffimg.fits.fz,Kulkarni,1,,,,748,15,572,,,,,,,,,,,,,,,,,,,,,,,,,,,,,,,,,,,,t15_f5_c3,26.11440086364746,2.248430064355489e-05,0.033977799117565155,0.10316099971532822,3.0149300073389895e-05,ZTF18accwjiu
2458509.0256481,1,754525641515,19.230300903320312,/ztf/archive/sci/2019/0125/525637/ztf_20190125525637_000572_zg_c04_o_q4_scimrefdiffimg.fits.fz,Kulkarni,1,,,,754,15,572,,,,,,,,,,,,,,,,,,,,,,,,,,,,,,,,,,,,t15_f5_c3,26.21139907836914,6.62241000100039e-05,0.04284929856657982,-0.04906550049781799,0.0001254579983651638,ZTF18accwjiu
2458511.8938079,2,757393801515,20.33489990234375,/ztf/archive/sci/2019/0128/393808/ztf_20190128393808_000572_zr_c04_o_q4_scimrefdiffimg.fits.fz,Kulkarni,1,7.57393801515015e+17,t,44.0,757,15,572,1895.280029296875,2544.239990234375,156.6288604,15.3408366,20.007299423217773,0.14962400496006012,1.092210054397583,20.201400756835938,0.35749998688697815,2.64520001411438,19.434999465942383,0.1289999932050705,6.565000057220459,0.824999988079071,0.601639986038208,0.19413499534130096,2.7799999713897705,0.9269999861717224,536.2650146484375,0.13345499336719513,0.9271910190582275,0.7289999723434448,0.6850000023841858,0.2622300088405609,0.24640299379825592,1.064229965209961,4.0,0.0,0.75,0.9538729786872864,19.928699493408203,0.35749998688697815,156.6296058,15.3406459,9.7577,t15_f5_c3,26.14430046081543,9.984350072045345e-06,0.02311920002102852,0.10158199816942215,1.3540899999497924e-05,ZTF18accwjiu
2458511.9236343,1,757423631515,20.443300247192383,/ztf/archive/sci/2019/0128/423634/ztf_20190128423634_000572_zg_c04_o_q4_scimrefdiffimg.fits.fz,Kulkarni,1,,,,757,15,572,,,,,,,,,,,,,,,,,,,,,,,,,,,,,,,,,,,,t15_f5_c3,26.20400047302246,2.2410100427805446e-05,0.03443029895424843,-0.04779219999909401,3.1006598874228075e-05,ZTF18accwjiu
2458511.966713,1,757466711515,20.433700561523438,/ztf/archive/sci/2019/0128/466701/ztf_20190128466701_000572_zg_c04_o_q4_scimrefdiffimg.fits.fz,Kulkarni,1,,,,757,15,572,,,,,,,,,,,,,,,,,,,,,,,,,,,,,,,,,,,,t15_f5_c3,26.204599380493164,1.940729998750612e-05,0.032366398721933365,-0.07372310012578964,2.6532299671089277e-05,ZTF18accwjiu
2458513.9303704,2,759430371515,19.030500411987305,/ztf/archive/sci/2019/0130/430336/ztf_20190130430336_000572_zr_c04_o_q4_scimrefdiffimg.fits.fz,Kulkarni,1,,,,759,15,572,,,,,,,,,,,,,,,,,,,,,,,,,,,,,,,,,,,,t15_f5_c3,24.324100494384766,6.673380266875029e-05,0.05586159974336624,0.0832080990076065,9.153389692073688e-05,ZTF18accwjiu
2460679.9134491,1,2925413441515,20.260000228881836,/ztf/archive/sci/2025/0104/413438/ztf_20250104413438_000572_zg_c04_o_q4_scimrefdiffimg.fits.fz,Kulkarni,1,,,,2925,15,572,,,,,,,,,,,,,,,,,,,,,,,,,,,,,,,,,,,,t17_f5_c3,26.24209976196289,3.272070171078667e-05,0.0409930981695652,-0.06505359709262848,4.806770084542222e-05,ZTF18accwjiu
2460679.9184259,1,2925418425715,20.234100341796875,/ztf/archive/sci/2025/0104/418391/ztf_20250104418391_000521_zg_c15_o_q2_scimrefdiffimg.fits.fz,Kulkarni,1,2.92541842571501e+18,f,1.0,2925,57,521,342.86700439453125,565.2059936523438,156.6291577,15.3406845,20.186899185180664,0.27432501316070557,1.1806800365447998,19.915599822998047,0.22470000386238098,1.0457700490951538,19.822999954223633,0.04699999839067459,1.9639999866485596,0.1289999932050705,0.3081800043582916,-0.2713339924812317,5.53000020980835,0.7120000123977661,342.86700439453125,0.31850001215934753,0.6187800168991089,1.5180000066757202,1.309000015258789,0.2745029926300049,0.23670899868011475,1.1596599817276,2.0,0.0,0.3385710120201111,0.9942960143089294,19.86829948425293,0.2759999930858612,156.6289786,15.3409226,7.11074,t17_f5_c3,26.250900268554688,2.8403199394233525e-05,0.03892640024423599,-0.049511298537254333,4.365159838926047e-05,ZTF18accwjiu
2460679.9433333,2,2925443335715,19.779499053955078,/ztf/archive/sci/2025/0104/443322/ztf_20250104443322_000521_zr_c15_o_q2_scimrefdiffimg.fits.fz,Kulkarni,1,,,,2925,57,521,,,,,,,,,,,,,,,,,,,,,,,,,,,,,,,,,,,,t17_f5_c3,26.06719970703125,2.4438699256279506e-05,0.03697950020432472,0.126132994890213,3.328840102767572e-05,ZTF18accwjiu
2460679.9437963,2,2925443791515,19.981599807739258,/ztf/archive/sci/2025/0104/443796/ztf_20250104443796_000572_zr_c04_o_q4_scimrefdiffimg.fits.fz,Kulkarni,1,,,,2925,15,572,,,,,,,,,,,,,,,,,,,,,,,,,,,,,,,,,,,,t17_f5_c3,26.100400924682617,1.672610051173251e-05,0.029711300507187843,0.08706240355968475,2.252999911434017e-05,ZTF18accwjiu
2460680.8792361,2,2926379235715,19.57309913635254,/ztf/archive/sci/2025/0105/379213/ztf_20250105379213_000521_zr_c15_o_q2_scimrefdiffimg.fits.fz,Kulkarni,1,,,,2926,57,521,,,,,,,,,,,,,,,,,,,,,,,,,,,,,,,,,,,,t17_f5_c3,26.10460090637207,3.169180126860738e-05,0.04154859855771065,0.10116100311279297,4.3609201384242624e-05,ZTF18accwjiu
2460680.9236806,1,2926423685715,19.92799949645996,/ztf/archive/sci/2025/0105/423681/ztf_20250105423681_000521_zg_c15_o_q2_scimrefdiffimg.fits.fz,Kulkarni,1,,,,2926,57,521,,,,,,,,,,,,,,,,,,,,,,,,,,,,,,,,,,,,t17_f5_c3,26.244400024414062,3.5296601708978415e-05,0.0393035002052784,-0.020343199372291565,6.417799886548892e-05,ZTF18accwjiu
2460683.9193056,1,2929419305715,19.56839942932129,/ztf/archive/sci/2025/0108/419306/ztf_20250108419306_000521_zg_c15_o_q2_scimrefdiffimg.fits.fz,Kulkarni,1,,,,2929,57,521,,,,,,,,,,,,,,,,,,,,,,,,,,,,,,,,,,,,t17_f5_c3,26.236299514770508,6.224690150702372e-05,0.04200210049748421,-0.04100339859724045,0.0001272429944947362,ZTF18accwjiu
2460684.7612384,1,2930261231515,19.06329917907715,/ztf/archive/sci/2025/0109/261238/ztf_20250109261238_000572_zg_c04_o_q4_scimrefdiffimg.fits.fz,Kulkarni,1,,,,2930,15,572,,,,,,,,,,,,,,,,,,,,,,,,,,,,,,,,,,,,t17_f5_c3,26.106300354003906,8.609890210209414e-05,0.04943019896745682,-0.04102030023932457,0.0001731060037855059,ZTF18accwjiu
2460684.8631134,2,2930363111515,19.9552001953125,/ztf/archive/sci/2025/0109/363067/ztf_20250109363067_000572_zr_c04_o_q4_scimrefdiffimg.fits.fz,Kulkarni,1,,,,2930,15,572,,,,,,,,,,,,,,,,,,,,,,,,,,,,,,,,,,,,t17_f5_c3,26.22130012512207,1.7730599211063236e-05,0.030791299417614937,0.09626539796590805,2.404959923296701e-05,ZTF18accwjiu
2460686.9311343,2,2932431131515,19.41550064086914,/ztf/archive/sci/2025/0111/431134/ztf_20250111431134_000572_zr_c04_o_q4_scimrefdiffimg.fits.fz,Kulkarni,1,,,,2932,15,572,,,,,,,,,,,,,,,,,,,,,,,,,,,,,,,,,,,,t17_f5_c3,25.696500778198242,4.046500180265866e-05,0.044369298964738846,0.10328300297260284,5.4317799367709085e-05,ZTF18accwjiu
2460686.9316088,2,2932431605715,19.212499618530273,/ztf/archive/sci/2025/0111/431597/ztf_20250111431597_000521_zr_c15_o_q2_scimrefdiffimg.fits.fz,Kulkarni,1,,,,2932,57,521,,,,,,,,,,,,,,,,,,,,,,,,,,,,,,,,,,,,t17_f5_c3,25.611799240112305,3.971600017393939e-05,0.04491649940609932,0.12211000174283981,5.3988998843124136e-05,ZTF18accwjiu
2460688.8806134,2,2934380615715,19.190500259399414,/ztf/archive/sci/2025/0113/380613/ztf_20250113380613_000521_zr_c15_o_q2_scimrefdiffimg.fits.fz,Kulkarni,1,,,,2934,57,521,,,,,,,,,,,,,,,,,,,,,,,,,,,,,,,,,,,,t17_f5_c3,26.19059944152832,2.8088299586670473e-05,0.038956400007009506,0.10990999639034271,3.853820089716464e-05,ZTF18accwjiu
2460688.9415394,1,2934441531515,19.146900177001953,/ztf/archive/sci/2025/0113/441528/ztf_20250113441528_000572_zg_c04_o_q4_scimrefdiffimg.fits.fz,Kulkarni,1,,,,2934,15,572,,,,,,,,,,,,,,,,,,,,,,,,,,,,,,,,,,,,t17_f5_c3,26.344900131225586,6.873779784655198e-05,0.04667830094695091,-0.05715030059218407,0.00013115099864080548,ZTF18accwjiu
2460688.9420023,1,2934442005715,19.066600799560547,/ztf/archive/sci/2025/0113/442002/ztf_20250113442002_000521_zg_c15_o_q2_scimrefdiffimg.fits.fz,Kulkarni,1,,,,2934,57,521,,,,,,,,,,,,,,,,,,,,,,,,,,,,,,,,,,,,t17_f5_c3,26.329700469970703,5.6675198720768094e-05,0.03697919845581055,-0.054845601320266724,0.00011931799963349476,ZTF18accwjiu
2460689.0043287,2,2934504321515,19.119800567626953,/ztf/archive/sci/2025/0113/504201/ztf_20250113504201_000572_zr_c04_o_q4_scimrefdiffimg.fits.fz,Kulkarni,1,,,,2934,15,572,,,,,,,,,,,,,,,,,,,,,,,,,,,,,,,,,,,,t17_f5_c3,26.220300674438477,4.205129880574532e-05,0.04562950134277344,0.0987074002623558,5.730679913540371e-05,ZTF18accwjiu
2460690.9021644,2,2936402165715,18.668100357055664,/ztf/archive/sci/2025/0115/402153/ztf_20250115402153_000521_zr_c15_o_q2_scimrefdiffimg.fits.fz,Kulkarni,1,,,,2936,57,521,,,,,,,,,,,,,,,,,,,,,,,,,,,,,,,,,,,,t17_f5_c3,26.197200775146484,7.391929830191657e-05,0.04926469922065735,0.12071400135755539,0.00011690000246744603,ZTF18accwjiu
2460690.9026389,2,2936402631515,19.002199172973633,/ztf/archive/sci/2025/0115/402627/ztf_20250115402627_000572_zr_c04_o_q4_scimrefdiffimg.fits.fz,Kulkarni,1,,,,2936,15,572,,,,,,,,,,,,,,,,,,,,,,,,,,,,,,,,,,,,t17_f5_c3,26.22800064086914,5.162560046301223e-05,0.04982509836554527,0.10270000249147415,7.130800076993182e-05,ZTF18accwjiu
2460690.9211343,1,2936421135715,18.583599090576172,/ztf/archive/sci/2025/0115/421111/ztf_20250115421111_000521_zg_c15_o_q2_scimrefdiffimg.fits.fz,Kulkarni,1,,,,2936,57,521,,,,,,,,,,,,,,,,,,,,,,,,,,,,,,,,,,,,t17_f5_c3,26.32469940185547,0.00016487900575157255,0.042119499295949936,-0.04001690074801445,0.0004124979896005243,ZTF18accwjiu
2460690.9216088,1,2936421601515,18.745399475097656,/ztf/archive/sci/2025/0115/421597/ztf_20250115421597_000572_zg_c04_o_q4_scimrefdiffimg.fits.fz,Kulkarni,1,,,,2936,15,572,,,,,,,,,,,,,,,,,,,,,,,,,,,,,,,,,,,,t17_f5_c3,26.3612003326416,0.00013567900168709457,0.04909469932317734,-0.054543301463127136,0.0002939469995908439,ZTF18accwjiu
2460693.9693403,2,2939469341515,19.821399688720703,/ztf/archive/sci/2025/0118/469329/ztf_20250118469329_000572_zr_c04_o_q4_scimrefdiffimg.fits.fz,Kulkarni,1,,,,2939,15,572,,,,,,,,,,,,,,,,,,,,,,,,,,,,,,,,,,,,t17_f5_c3,26.222700119018555,2.5145100153167732e-05,0.03627350181341171,0.10204900056123734,3.402700167498551e-05,ZTF18accwjiu
2460694.0258333,1,2939525831515,19.575899124145508,/ztf/archive/sci/2025/0118/525671/ztf_20250118525671_000572_zg_c04_o_q4_scimrefdiffimg.fits.fz,Kulkarni,1,,,,2939,15,572,,,,,,,,,,,,,,,,,,,,,,,,,,,,,,,,,,,,t17_f5_c3,26.373199462890625,4.118850119994022e-05,0.04257059842348099,-0.08744479715824127,6.916179700056091e-05,ZTF18accwjiu
2460694.8798611,1,2940379865715,19.939899444580078,/ztf/archive/sci/2025/0119/379850/ztf_20250119379850_000521_zg_c15_o_q2_scimrefdiffimg.fits.fz,Kulkarni,1,2.94037986571501e+18,f,2.0,2940,57,521,336.0840148925781,588.8499755859375,156.6288074,15.3410664,20.289100646972656,0.27598699927330017,1.2996400594711304,19.498699188232422,0.25519999861717224,0.7782959938049316,19.822999954223633,0.04699999839067459,1.9639999866485596,0.1289999932050705,-0.022993000224232674,-0.7903540134429932,1.2838900089263916,0.8309999704360962,336.0840148925781,0.4412490129470825,2.0,0.6629999876022339,0.6010000109672546,0.5164009928703308,0.46810999512672424,1.10316002368927,5.0,0.0,0.4142859876155853,0.9300789833068848,19.154199600219727,0.2387000024318695,156.6289786,15.3409226,5.62166,t17_f5_c3,26.318099975585938,2.6184799935435876e-05,0.03670530021190643,-0.057604700326919556,4.1608298488426954e-05,ZTF18accwjiu
2460694.9406481,2,2940440645715,19.907499313354492,/ztf/archive/sci/2025/0119/440648/ztf_20250119440648_000521_zr_c15_o_q2_scimrefdiffimg.fits.fz,Kulkarni,1,,,,2940,57,521,,,,,,,,,,,,,,,,,,,,,,,,,,,,,,,,,,,,t17_f5_c3,26.198699951171875,1.5254499885486439e-05,0.02889920026063919,0.11323700100183487,2.0856099581578746e-05,ZTF18accwjiu
2460697.9191088,2,2943419105715,16.468900680541992,/ztf/archive/sci/2025/0122/418981/ztf_20250122418981_000521_zr_c15_o_q2_scimrefdiffimg.fits.fz,Kulkarni,1,,,,2943,57,521,,,,,,,,,,,,,,,,,,,,,,,,,,,,,,,,,,,,t17_f5_c3,23.18549919128418,0.0012580599868670106,0.06607790291309357,0.02455800026655197,0.0025751700159162283,ZTF18accwjiu
2460698.9190046,1,2944419001515,20.077800750732422,/ztf/archive/sci/2025/0123/418935/ztf_20250123418935_000572_zg_c04_o_q4_scimrefdiffimg.fits.fz,Kulkarni,1,,,,2944,15,572,,,,,,,,,,,,,,,,,,,,,,,,,,,,,,,,,,,,t17_f5_c3,26.304100036621094,3.8350299291778356e-05,0.042728498578071594,-0.025681400671601295,6.025740003678948e-05,ZTF18accwjiu
2460699.8990509,1,2945399055715,20.118000030517578,/ztf/archive/sci/2025/0124/399005/ztf_20250124399005_000521_zg_c15_o_q2_scimrefdiffimg.fits.fz,Kulkarni,1,2.94539905571501e+18,f,1.0,2945,57,521,350.65399169921875,578.197021484375,156.6291236,15.3407245,20.254899978637695,0.30221301317214966,1.513949990272522,19.970800399780273,0.25609999895095825,0.86210697889328,19.822999954223633,0.04699999839067459,1.9639999866485596,0.1289999932050705,0.3331249952316284,-0.28411298990249634,4.46999979019165,0.6119999885559082,350.65399169921875,0.14722700417041779,0.7733200192451477,1.6180000305175781,1.2120000123977661,0.361968994140625,0.271140992641449,1.3349800109863281,7.0,0.0,0.3114289939403534,0.9664769768714905,20.0,0.3379000127315521,156.6289786,15.3409226,6.34622,t17_f5_c3,26.327899932861328,3.104859933955595e-05,0.03999980166554451,-0.048492901027202606,4.802650073543191e-05,ZTF18accwjiu
2460699.9620255,2,2945462025715,19.946800231933594,/ztf/archive/sci/2025/0124/462014/ztf_20250124462014_000521_zr_c15_o_q2_scimrefdiffimg.fits.fz,Kulkarni,1,,,,2945,57,521,,,,,,,,,,,,,,,,,,,,,,,,,,,,,,,,,,,,t17_f5_c3,26.197200775146484,1.6778900317149237e-05,0.030468599870800972,0.11372599750757217,2.2975800675339997e-05,ZTF18accwjiu
2460705.8586458,2,2951358641515,20.143999099731445,/ztf/archive/sci/2025/0130/358634/ztf_20250130358634_000572_zr_c04_o_q4_scimrefdiffimg.fits.fz,Kulkarni,1,,,,2951,15,572,,,,,,,,,,,,,,,,,,,,,,,,,,,,,,,,,,,,t17_f5_c3,25.810199737548828,2.1756699425168335e-05,0.03164120018482208,0.09719549864530563,2.9734499548794702e-05,ZTF18accwjiu
2460707.7768981,1,2953276895715,21.00950050354004,/ztf/archive/sci/2025/0201/276574/ztf_20250201276574_000521_zg_c15_o_q2_scimrefdiffimg.fits.fz,Ye,1,2.95327689571501e+18,0,3.0,2953,57,521,328.2969970703125,576.3660278320312,156.6289619,15.340764,20.24139976501465,0.14696000516414642,1.817770004272461,20.00979995727539,0.13459999859333038,0.5666260123252869,19.822999954223633,0.04699999839067459,1.9639999866485596,0.1289999932050705,0.32860898971557617,-0.23160499334335327,4.199999809265137,0.9359999895095825,328.2969970703125,0.99965500831604,0.7115110158920288,1.4320000410079956,1.2300000190734863,0.3409520089626312,0.29285699129104614,1.1642299890518188,0.0,0.0,0.431428998708725,1.0,19.864099502563477,0.15109999477863312,156.6289786,15.3409226,10.838,t17_f5_c3,28.0093994140625,9.975099601433612e-06,0.023607200011610985,-0.04670029878616333,1.3592900359071791e-05,ZTF18accwjiu
2460707.8002199,2,2953300215715,20.887399673461914,/ztf/archive/sci/2025/0201/299919/ztf_20250201299919_000521_zr_c15_o_q2_scimrefdiffimg.fits.fz,Ye,1,,,,2953,57,521,,,,,,,,,,,,,,,,,,,,,,,,,,,,,,,,,,,,t17_f5_c3,27.905500411987305,8.305670235131402e-06,0.021644700318574905,0.10958199948072433,1.1258700396865606e-05,ZTF18accwjiu
2460707.8235532,1,2953323555715,21.114999771118164,/ztf/archive/sci/2025/0201/323252/ztf_20250201323252_000521_zg_c15_o_q2_scimrefdiffimg.fits.fz,Ye,1,2.95332355571501e+18,0,1.0,2953,57,521,340.5830078125,588.0180053710938,156.6289577,15.3408271,20.313199996948242,0.15481700003147125,1.7050199508666992,19.93779945373535,0.1145000010728836,0.3469359874725342,19.822999954223633,0.04699999839067459,1.9639999866485596,0.1289999932050705,0.38763800263404846,-0.3754430115222931,4.610000133514404,0.8209999799728394,340.5830078125,1.1771600246429443,0.6509760022163391,1.5,1.2649999856948853,0.32537999749183655,0.27440300583839417,1.185770034790039,0.0,0.0,0.3357140123844147,1.0,19.800800323486328,0.12950000166893005,156.6289786,15.3409226,10.3932,t17_f5_c3,28.101200103759766,8.591079676989466e-06,0.02168310061097145,-0.06799550354480743,1.1540400009835139e-05,ZTF18accwjiu
2460707.8468519,2,2953346855715,21.043899536132812,/ztf/archive/sci/2025/0201/346551/ztf_20250201346551_000521_zr_c15_o_q2_scimrefdiffimg.fits.fz,Ye,1,,,,2953,57,521,,,,,,,,,,,,,,,,,,,,,,,,,,,,,,,,,,,,t17_f5_c3,28.047700881958008,8.142040314851329e-06,0.02140280045568943,0.11351300030946732,1.1063500096497592e-05,ZTF18accwjiu
2460707.7768981,1,2953276895715,21.00950050354004,/ztf/archive/sci/2025/0201/276574/ztf_20250201276574_000521_zg_c15_o_q2_scimrefdiffimg.fits.fz,Ye,1,2.95327689571501e+18,f,3.0,2953,57,521,328.2969970703125,576.3660278320312,156.6289619,15.340764,20.24139976501465,0.14696000516414642,1.817770004272461,20.00979995727539,0.13459999859333038,0.5666260123252869,19.822999954223633,0.04699999839067459,1.9639999866485596,0.1289999932050705,0.32860898971557617,-0.23160499334335327,4.199999809265137,0.9359999895095825,328.2969970703125,0.99965500831604,0.7115110158920288,1.4320000410079956,1.2300000190734863,0.3409520089626312,0.29285699129104614,1.1642299890518188,0.0,0.0,0.431428998708725,1.0,19.864099502563477,0.15109999477863312,156.6289786,15.3409226,10.838,t17_f5_c3,28.0093994140625,9.975099601433612e-06,0.023607200011610985,-0.04670029878616333,1.3592900359071791e-05,ZTF18accwjiu
2460707.8235532,1,2953323555715,21.114999771118164,/ztf/archive/sci/2025/0201/323252/ztf_20250201323252_000521_zg_c15_o_q2_scimrefdiffimg.fits.fz,Ye,1,2.95332355571501e+18,f,1.0,2953,57,521,340.5830078125,588.0180053710938,156.6289577,15.3408271,20.313199996948242,0.15481700003147125,1.7050199508666992,19.93779945373535,0.1145000010728836,0.3469359874725342,19.822999954223633,0.04699999839067459,1.9639999866485596,0.1289999932050705,0.38763800263404846,-0.3754430115222931,4.610000133514404,0.8209999799728394,340.5830078125,1.1771600246429443,0.6509760022163391,1.5,1.2649999856948853,0.32537999749183655,0.27440300583839417,1.185770034790039,0.0,0.0,0.3357140123844147,1.0,19.800800323486328,0.12950000166893005,156.6289786,15.3409226,10.3932,t17_f5_c3,28.101200103759766,8.591079676989466e-06,0.02168310061097145,-0.06799550354480743,1.1540400009835139e-05,ZTF18accwjiu
2460707.8683102,1,2953368315715,20.970300674438477,/ztf/archive/sci/2025/0201/368021/ztf_20250201368021_000521_zg_c15_o_q2_scimrefdiffimg.fits.fz,Ye,1,2.95336831571501e+18,f,1.0,2953,57,521,342.17498779296875,581.1859741210938,156.6290445,15.3407607,20.211000442504883,0.1596820056438446,1.5166300535202026,20.016700744628906,0.11949999630451202,0.6183270215988159,19.822999954223633,0.04699999839067459,1.9639999866485596,0.1289999932050705,0.8727959990501404,-0.19428099691867828,6.550000190734863,0.9729999899864197,342.17498779296875,0.9535549879074097,0.5404260158538818,1.6950000524520874,1.4759999513626099,0.25877898931503296,0.2253440022468567,1.1483700275421143,0.0,0.0,0.23428599536418915,1.0,19.819700241088867,0.12790000438690186,156.6289786,15.3409226,9.02554,t17_f5_c3,28.121000289916992,1.1336200259393081e-05,0.025171499699354172,-0.05664810165762901,1.545550003356766e-05,ZTF18accwjiu
2460707.8916204,2,2953391625715,20.52389907836914,/ztf/archive/sci/2025/0201/391319/ztf_20250201391319_000521_zr_c15_o_q2_scimrefdiffimg.fits.fz,Ye,1,,,,2953,57,521,,,,,,,,,,,,,,,,,,,,,,,,,,,,,,,,,,,,t17_f5_c3,27.760799407958984,8.779050403973088e-06,0.022088900208473206,0.1128930002450943,1.1887200344062876e-05,ZTF18accwjiu
2460707.9149537,1,2953414955715,20.846500396728516,/ztf/archive/sci/2025/0201/414664/ztf_20250201414664_000521_zg_c15_o_q2_scimrefdiffimg.fits.fz,Ye,1,2.95341495571501e+18,f,1.0,2953,57,521,352.1520080566406,580.3679809570312,156.6290336,15.3407799,20.108400344848633,0.1496410071849823,1.5002599954605103,19.874500274658203,0.12250000238418579,0.5410900115966797,19.822999954223633,0.04699999839067459,1.9639999866485596,0.1289999932050705,0.8630759716033936,-0.2339400053024292,8.109999656677246,0.9459999799728394,352.1520080566406,0.9720240235328674,0.4145829975605011,1.50600004196167,1.4559999704360962,0.18569700419902802,0.17953099310398102,1.0343400239944458,0.0,0.0,0.20142899453639984,1.0,19.760700225830078,0.14159999787807465,156.6289786,15.3409226,8.78368,t17_f5_c3,27.990400314331055,1.2668199815379921e-05,0.02669849991798401,-0.04805370047688484,1.7155300156446174e-05,ZTF18accwjiu
2460707.9383449,2,2953438345715,20.69580078125,/ztf/archive/sci/2025/0201/438044/ztf_20250201438044_000521_zr_c15_o_q2_scimrefdiffimg.fits.fz,Ye,1,,,,2953,57,521,,,,,,,,,,,,,,,,,,,,,,,,,,,,,,,,,,,,t17_f5_c3,27.936800003051758,8.061139851633925e-06,0.021098699420690536,0.10989999771118164,1.0892499631154351e-05,ZTF18accwjiu
2460707.961794,1,2953461795715,21.14389991760254,/ztf/archive/sci/2025/0201/461493/ztf_20250201461493_000521_zg_c15_o_q2_scimrefdiffimg.fits.fz,Ye,1,2.95346179571501e+18,f,1.0,2953,57,521,339.0740051269531,584.8159790039062,156.6289323,15.3408209,20.1968994140625,0.18177300691604614,3.903090000152588,19.7898006439209,0.10509999841451645,0.3947800099849701,19.822999954223633,0.04699999839067459,1.9639999866485596,0.1289999932050705,-0.15056100487709045,-0.4071190059185028,5.340000152587891,0.9649999737739563,339.0740051269531,1.3540799617767334,0.5189579725265503,1.399999976158142,1.2400000095367432,0.26217201352119446,0.23220999538898468,1.1290299892425537,0.0,0.0,0.32428601384162903,1.0,19.834299087524414,0.1404999941587448,156.6289786,15.3409226,10.3924,t17_f5_c3,28.04789924621582,8.837399946060032e-06,0.022322900593280792,-0.04164230078458786,1.1975100278505124e-05,ZTF18accwjiu
2460708.7521528,2,2954252155715,21.20199966430664,/ztf/archive/sci/2025/0202/251771/ztf_20250202251771_000521_zr_c15_o_q2_scimrefdiffimg.fits.fz,Ye,1,,,,2954,57,521,,,,,,,,,,,,,,,,,,,,,,,,,,,,,,,,,,,,t17_f5_c3,28.097700119018555,6.786050107621122e-06,0.019500499591231346,0.11048000305891037,9.185449926008005e-06,ZTF18accwjiu
2460708.7754977,1,2954275495715,21.37190055847168,/ztf/archive/sci/2025/0202/275174/ztf_20250202275174_000521_zg_c15_o_q2_scimrefdiffimg.fits.fz,Ye,1,2.95427549571501e+18,0,1.0,2954,57,521,332.1289978027344,568.0390014648438,156.6289829,15.3408362,20.363300323486328,0.16138100624084473,4.213399887084961,20.116300582885742,0.11990000307559967,0.3075940012931824,19.822999954223633,0.04699999839067459,1.9639999866485596,0.1289999932050705,0.792261004447937,-0.24701200425624847,4.929999828338623,0.9390000104904175,332.1289978027344,1.255579948425293,0.5461729764938354,1.2860000133514404,1.0679999589920044,0.26085200905799866,0.21663300693035126,1.2041200399398804,1.0,0.0,0.3499999940395355,1.0,19.97599983215332,0.13519999384880066,156.6289786,15.3409226,12.043,t17_f5_c3,28.209299087524414,8.277230335806962e-06,0.021523799747228622,-0.05402649939060211,1.1155500033055432e-05,ZTF18accwjiu
2460708.7989699,2,2954298965715,21.316699981689453,/ztf/archive/sci/2025/0202/298681/ztf_20250202298681_000521_zr_c15_o_q2_scimrefdiffimg.fits.fz,Ye,1,,,,2954,57,521,,,,,,,,,,,,,,,,,,,,,,,,,,,,,,,,,,,,t17_f5_c3,28.120899200439453,7.1967301664699335e-06,0.0202053003013134,0.10834900289773941,9.772819794306997e-06,ZTF18accwjiu
2460708.8223032,1,2954322305715,21.436399459838867,/ztf/archive/sci/2025/0202/322002/ztf_20250202322002_000521_zg_c15_o_q2_scimrefdiffimg.fits.fz,Ye,1,2.95432230571501e+18,0,1.0,2954,57,521,343.2309875488281,583.5369873046875,156.6289943,15.3408573,20.342300415039062,0.17936600744724274,6.732649803161621,19.86520004272461,0.09049999713897705,0.23825600743293762,19.822999954223633,0.04699999839067459,1.9639999866485596,0.1289999932050705,0.021756000816822052,-0.4770509898662567,6.639999866485596,0.8619999885559082,343.2309875488281,1.571179986000061,0.4051640033721924,1.4190000295639038,1.24399995803833,0.21370500326156616,0.18734900653362274,1.1406699419021606,0.0,0.0,0.23571400344371796,1.0,19.745899200439453,0.1039000004529953,156.6289786,15.3409226,11.0717,t17_f5_c3,28.231300354003906,6.80781022310839e-06,0.01950719952583313,-0.050230398774147034,9.197489816870075e-06,ZTF18accwjiu
2460708.8456019,2,2954345605715,21.319900512695312,/ztf/archive/sci/2025/0202/345301/ztf_20250202345301_000521_zr_c15_o_q2_scimrefdiffimg.fits.fz,Ye,1,,,,2954,57,521,,,,,,,,,,,,,,,,,,,,,,,,,,,,,,,,,,,,t17_f5_c3,28.127199172973633,8.242340300057549e-06,0.02149450033903122,0.10978399962186813,1.1120299859612714e-05,ZTF18accwjiu
2460708.868912,1,2954368915715,21.40570068359375,/ztf/archive/sci/2025/0202/368611/ztf_20250202368611_000521_zg_c15_o_q2_scimrefdiffimg.fits.fz,Ye,1,2.95436891571501e+18,0,2.0,2954,57,521,344.9129943847656,583.427001953125,156.6290216,15.3407923,20.305400848388672,0.1660590022802353,3.0946199893951416,19.97100067138672,0.09769999980926514,0.4859960079193115,19.822999954223633,0.04699999839067459,1.9639999866485596,0.1289999932050705,1.29489004611969,-0.33442801237106323,4.949999809265137,0.753000020980835,344.9129943847656,1.4347200393676758,0.5725910067558289,1.4989999532699585,1.3569999933242798,0.30282801389694214,0.27414101362228394,1.104640007019043,1.0,0.0,0.3157140016555786,1.0,19.893600463867188,0.11659999936819077,156.6289786,15.3409226,10.8663,t17_f5_c3,28.229400634765625,9.432839760847855e-06,0.02303599938750267,-0.046527400612831116,1.284970039705513e-05,ZTF18accwjiu
2460708.8922222,2,2954392225715,21.36280059814453,/ztf/archive/sci/2025/0202/391921/ztf_20250202391921_000521_zr_c15_o_q2_scimrefdiffimg.fits.fz,Ye,1,,,,2954,57,521,,,,,,,,,,,,,,,,,,,,,,,,,,,,,,,,,,,,t17_f5_c3,28.146900177001953,7.198069852165645e-06,0.020175600424408913,0.10461899638175964,9.749989658303093e-06,ZTF18accwjiu
2460708.9155671,1,2954415565715,21.470600128173828,/ztf/archive/sci/2025/0202/415266/ztf_20250202415266_000521_zg_c15_o_q2_scimrefdiffimg.fits.fz,Ye,1,2.95441556571501e+18,0,2.0,2954,57,521,355.1610107421875,583.6370239257812,156.6290103,15.3408029,20.268600463867188,0.16517700254917145,9.398050308227539,19.82990074157715,0.08399999886751175,0.43891799449920654,19.822999954223633,0.04699999839067459,1.9639999866485596,0.1289999932050705,0.6263579726219177,-0.43867799639701843,5.289999961853027,0.19099999964237213,355.1610107421875,1.6406500339508057,0.514735996723175,1.4869999885559082,1.3940000534057617,0.2810960114002228,0.26351600885391235,1.0667099952697754,0.0,0.0,0.25999999046325684,1.0,19.791099548339844,0.1039000004529953,156.6289786,15.3409226,11.4492,t17_f5_c3,28.257600784301758,6.487040081992745e-06,0.019049400463700294,-0.04782300069928169,8.755569979257416e-06,ZTF18accwjiu
2460708.9389583,2,2954438955715,21.314199447631836,/ztf/archive/sci/2025/0202/438669/ztf_20250202438669_000521_zr_c15_o_q2_scimrefdiffimg.fits.fz,Ye,1,,,,2954,57,521,,,,,,,,,,,,,,,,,,,,,,,,,,,,,,,,,,,,t17_f5_c3,28.137699127197266,7.464149803126929e-06,0.020367400720715523,0.10884899646043777,1.0109200047736522e-05,ZTF18accwjiu
