jd,fid,pid,diffmaglim,pdiffimfilename,programpi,programid,candid,isdiffpos,tblid,nid,rcid,field,xpos,ypos,ra,dec,magpsf,sigmapsf,chipsf,magap,sigmagap,distnr,magnr,sigmagnr,chinr,sharpnr,sky,magdiff,fwhm,classtar,mindtoedge,magfromlim,seeratio,aimage,bimage,aimagerat,bimagerat,elong,nneg,nbad,rb,sumrat,magapbig,sigmagapbig,ranr,decnr,scorr,magzpsci,magzpsciunc,magzpscirms,clrcoeff,clrcounc,rbversion,ssdistnr,ssmagnr,ssnamenr,obj_id
2459839.8356597,1,2085335655015,20.01609992980957,/ztf/archive/sci/2022/0917/335660/ztf_20220917335660_000297_zg_c13_o_q3_scimrefdiffimg.fits.fz,Kulkarni,1,2.085335655015015e+18,t,4.0,2085,50,297,2087.35009765625,1168.800048828125,25.1811358,-14.4787803,18.77560043334961,0.1312980055809021,2.823430061340332,18.717100143432617,0.11400000005960464,1.8080600500106812,22.611000061035156,0.25999999046325684,0.9269999861717224,-0.3889999985694885,0.2578270137310028,-0.05854799970984459,2.069999933242798,0.9860000014305115,985.1530151367188,1.2989599704742432,1.2581700086593628,0.7730000019073486,0.6949999928474426,0.3734300136566162,0.3357490003108978,1.1122299432754517,1.0,0.0,0.9128569960594177,1.0,18.718900680541992,0.1460999995470047,25.180861,-14.4792138,22.2641,26.287599563598633,2.7105999834020622e-05,0.03346719965338707,-0.03351199999451637,4.23874007537961e-05,t17_f5_c3,,,,ZTF22abayewb
2459839.8978935,1,2085397895015,20.202699661254883,/ztf/archive/sci/2022/0917/397894/ztf_20220917397894_000297_zg_c13_o_q3_scimrefdiffimg.fits.fz,Kulkarni,1,2.085397895015015e+18,t,7.0,2085,50,297,2090.679931640625,1175.3199462890625,25.1811315,-14.4787604,18.798900604248047,0.12089499831199646,3.2890100479125977,18.77829933166504,0.1143999993801117,1.8609700202941895,22.611000061035156,0.25999999046325684,0.9269999861717224,-0.3889999985694885,0.7170950174331665,-0.0205680001527071,1.9800000190734863,0.9890000224113464,981.822021484375,1.4244400262832642,1.1674200296401978,0.6710000038146973,0.6439999938011169,0.3388890027999878,0.3252530097961426,1.0419199466705322,1.0,0.0,0.9185709953308105,1.0,18.759199142456055,0.14390000700950623,25.180861,-14.4792138,21.7468,26.318899154663086,2.223350020358339e-05,0.030301300808787346,-0.048131201416254044,3.3004500437527895e-05,t17_f5_c3,,,,ZTF22abayewb
2459841.8873727,1,2087387375015,20.44379997253418,/ztf/archive/sci/2022/0919/387361/ztf_20220919387361_000297_zg_c13_o_q3_scimrefdiffimg.fits.fz,Kulkarni,1,2.087387375015015e+18,t,2.0,2087,50,297,2091.06005859375,1197.1800537109375,25.1811436,-14.4787835,19.128400802612305,0.13378100097179413,1.6352399587631226,19.097700119018555,0.11569999903440475,1.8125300407409668,22.611000061035156,0.25999999046325684,0.9269999861717224,-0.3889999985694885,0.26315999031066895,-0.0307180006057024,1.7999999523162842,0.9829999804496765,981.4409790039062,1.3461400270462036,1.3708000183105469,0.7260000109672546,0.6420000195503235,0.40333300828933716,0.35666701197624207,1.1308399438858032,3.0,0.0,0.8971430063247681,0.9871370196342468,18.99679946899414,0.13490000367164612,25.180861,-14.4792138,19.394,26.339399337768555,2.2880400138092227e-05,0.03092310018837452,-0.07233410328626633,3.3886499295476824e-05,t17_f5_c3,,,,ZTF22abayewb
2459843.8569907,1,2089356995015,20.466899871826172,/ztf/archive/sci/2022/0921/356991/ztf_20220921356991_000297_zg_c13_o_q3_scimrefdiffimg.fits.fz,Kulkarni,1,2.089356995015015e+18,t,12.0,2089,50,297,2088.070068359375,1203.5899658203125,25.1812368,-14.4788475,19.275800704956055,0.14518499374389648,2.5453600883483887,19.326900482177734,0.13019999861717224,1.8357199430465698,22.611000061035156,0.25999999046325684,0.9269999861717224,-0.3889999985694885,0.09164399653673172,0.0511149987578392,3.7300000190734863,0.9900000095367432,984.4310302734375,1.1399799585342407,0.7123910188674927,0.9710000157356262,0.8960000276565552,0.2603220045566559,0.240214005112648,1.0836999416351318,0.0,0.0,0.7799999713897705,1.0,19.199499130249023,0.14820000529289246,25.180861,-14.4792138,18.0018,26.29680061340332,3.3838001399999484e-05,0.038056500256061554,-0.04239939898252487,4.94443993375171e-05,t17_f5_c3,,,,ZTF22abayewb
2459846.8750347,1,2092375035015,20.52549934387207,/ztf/archive/sci/2022/0924/375023/ztf_20220924375023_000297_zg_c13_o_q3_scimrefdiffimg.fits.fz,Kulkarni,1,2.092375035015015e+18,t,9.0,2092,50,297,2090.330078125,1170.25,25.1812233,-14.4788325,19.468700408935547,0.13658000528812408,1.7534899711608887,19.589000701904297,0.1712000072002411,1.842210054397583,22.611000061035156,0.25999999046325684,0.9269999861717224,-0.3889999985694885,0.2835560142993927,0.12029100209474564,2.5399999618530273,0.9670000076293945,982.166015625,0.9365100264549255,0.9561939835548401,0.777999997138977,0.7559999823570251,0.30629900097846985,0.2976379990577698,1.029099941253662,3.0,0.0,0.8857139945030212,0.9955639839172363,19.570600509643555,0.21549999713897705,25.180861,-14.4792138,16.2154,26.30069923400879,3.0365499696927145e-05,0.03600800037384033,-0.05715730041265488,4.443250145413913e-05,t17_f5_c3,,,,ZTF22abayewb
2459846.9137616,2,2092413765015,20.304399490356445,/ztf/archive/sci/2022/0924/413762/ztf_20220924413762_000297_zr_c13_o_q3_scimrefdiffimg.fits.fz,Kulkarni,1,2.092413765015015e+18,t,8.0,2092,50,297,2080.360107421875,1172.6400146484375,25.1811407,-14.4787899,18.649200439453125,0.07503200322389603,6.51278018951416,18.724199295043945,0.09849999845027924,1.0395499467849731,22.906999588012695,0.30799999833106995,1.0160000324249268,-0.5450000166893005,0.24813500046730042,0.07503999769687653,2.2300000190734863,1.0,992.1430053710938,1.58024001121521,1.0511399507522583,0.6729999780654907,0.6600000262260437,0.30179399251937866,0.29596400260925293,1.019700050354004,1.0,0.0,0.9342859983444214,1.0,18.709199905395508,0.1242000013589859,25.1809408,-14.4790091,27.6071,26.26020050048828,1.1703999916790053e-05,0.022241899743676186,0.10082100331783295,1.6897800378501415e-05,t17_f5_c3,,,,ZTF22abayewb
2459848.8142014,2,2094314205015,20.237499237060547,/ztf/archive/sci/2022/0926/314016/ztf_20220926314016_000297_zr_c13_o_q3_scimrefdiffimg.fits.fz,Kulkarni,1,2.094314205015015e+18,t,5.0,2094,50,297,2106.219970703125,1176.77001953125,25.1811539,-14.4787972,18.741100311279297,0.08156599849462509,2.622689962387085,18.844200134277344,0.11169999837875366,1.0516300201416016,22.906999588012695,0.30799999833106995,1.0160000324249268,-0.5450000166893005,0.3360159993171692,0.10312099754810333,2.3499999046325684,0.9829999804496765,966.2839965820312,1.3932900428771973,1.04121994972229,0.765999972820282,0.7419999837875366,0.3259570002555847,0.3157449960708618,1.032349944114685,0.0,0.0,0.9357140064239502,1.0,18.798599243164062,0.1370999962091446,25.1809408,-14.4790091,22.3458,26.21809959411621,1.3365300219447818e-05,0.023730799555778503,0.108364999294281,1.9350400179973803e-05,t17_f5_c3,,,,ZTF22abayewb
2459848.8738773,1,2094373875015,20.402599334716797,/ztf/archive/sci/2022/0926/373877/ztf_20220926373877_000297_zg_c13_o_q3_scimrefdiffimg.fits.fz,Kulkarni,1,2.094373875015015e+18,t,7.0,2094,50,297,2094.239990234375,1178.6800537109375,25.1811653,-14.4788005,19.61910057067871,0.17106999456882477,1.6403199434280396,19.548500061035156,0.1688999980688095,1.8043800592422485,22.611000061035156,0.25999999046325684,0.9269999861717224,-0.3889999985694885,0.29200199246406555,-0.07056599855422974,3.2200000286102295,0.9819999933242798,978.2589721679688,0.854079008102417,0.8237460255622864,1.0230000019073486,0.8399999737739563,0.3177019953727722,0.2608700096607208,1.2178599834442139,2.0,0.0,0.7342860102653503,0.9978860020637512,19.49720001220703,0.20630000531673431,25.180861,-14.4792138,13.5528,26.280099868774414,3.455290061538108e-05,0.03808790072798729,-0.05349680036306381,5.114799932925962e-05,t17_f5_c3,,,,ZTF22abayewb
2459850.8361343,2,2096336135015,20.047300338745117,/ztf/archive/sci/2022/0928/336123/ztf_20220928336123_000297_zr_c13_o_q3_scimrefdiffimg.fits.fz,Kulkarni,1,2.096336135015015e+18,t,1.0,2096,50,297,2105.909912109375,1181.6199951171875,25.1811865,-14.4788248,18.793800354003906,0.10135000199079514,2.838939905166626,18.668100357055664,0.10779999941587448,1.0734800100326538,22.906999588012695,0.30799999833106995,1.0160000324249268,-0.5450000166893005,-0.21940599381923676,-0.12566299736499786,2.9700000286102295,0.9829999804496765,966.5900268554688,1.3791799545288086,0.8629119992256165,0.9309999942779541,0.781000018119812,0.31346800923347473,0.2629629969596863,1.1920599937438965,0.0,0.0,0.8514289855957031,1.0,18.67169952392578,0.13850000500679016,25.1809408,-14.4790091,20.6045,26.21579933166504,1.7838199710240588e-05,0.02729550004005432,0.11607000231742859,2.5839499357971363e-05,t17_f5_c3,,,,ZTF22abayewb
2459850.8944213,1,2096394425015,20.33340072631836,/ztf/archive/sci/2022/0928/394421/ztf_20220928394421_000297_zg_c13_o_q3_scimrefdiffimg.fits.fz,Kulkarni,1,2.096394425015015e+18,t,4.0,2096,50,297,2087.81005859375,1179.8399658203125,25.1811349,-14.4788142,19.775699615478516,0.19968600571155548,0.8851889967918396,19.42609977722168,0.1784999966621399,1.7046200037002563,22.611000061035156,0.25999999046325684,0.9269999861717224,-0.3889999985694885,-0.05990999937057495,-0.34963300824165344,2.140000104904175,0.9980000257492065,984.68798828125,0.90727698802948,1.1116000413894653,0.949999988079071,0.9210000038146973,0.44392499327659607,0.43037399649620056,1.0314899682998657,0.0,0.0,0.5671430230140686,1.0,19.197599411010742,0.18569999933242798,25.180861,-14.4792138,11.9865,26.252700805664062,3.330939944135025e-05,0.03742599859833717,-0.053960900753736496,4.892970173386857e-05,t17_f5_c3,,,,ZTF22abayewb
2459853.8366088,1,2099336605015,20.708599090576172,/ztf/archive/sci/2022/1001/336609/ztf_20221001336609_000297_zg_c13_o_q3_scimrefdiffimg.fits.fz,Kulkarni,1,2.099336605015015e+18,t,20.0,2099,50,297,2094.68994140625,1166.469970703125,25.1812874,-14.4788409,19.964599609375,0.20786899328231812,1.6032099723815918,20.19529914855957,0.23520000278949738,1.9781299829483032,22.611000061035156,0.25999999046325684,0.9269999861717224,-0.3889999985694885,-0.010905000381171703,0.23073600232601166,3.240000009536743,0.9589999914169312,977.81298828125,0.5132970213890076,0.8060709834098816,0.8700000047683716,0.8109999895095825,0.26851901412010193,0.2503089904785156,1.0727499723434448,2.0,0.0,0.7828570008277893,0.9900259971618652,19.956899642944336,0.24230000376701355,25.180861,-14.4792138,12.122,26.276599884033203,5.6765300541883335e-05,0.0488286018371582,-0.055264800786972046,8.464010170428082e-05,t17_f5_c3,,,,ZTF22abayewb
2459853.8782523,2,2099378255015,20.489099502563477,/ztf/archive/sci/2022/1001/378252/ztf_20221001378252_000297_zr_c13_o_q3_scimrefdiffimg.fits.fz,Kulkarni,1,,,,2099,50,297,,,,,,,,,,,,,,,,,,,,,,,,,,,,,,,,,,,,26.249399185180664,2.030520045082085e-05,0.02928679995238781,0.11060500144958496,2.9252900276333094e-05,t17_f5_c3,,,,ZTF22abayewb
2459855.8682523,1,2101368255015,20.56529998779297,/ztf/archive/sci/2022/1003/368252/ztf_20221003368252_000297_zg_c13_o_q3_scimrefdiffimg.fits.fz,Kulkarni,1,,,,2101,50,297,,,,,,,,,,,,,,,,,,,,,,,,,,,,,,,,,,,,26.236900329589844,4.90989004902076e-05,0.045053400099277496,-0.07332710176706314,7.28211016394198e-05,t17_f5_c3,,,,ZTF22abayewb
2459855.8787037,2,2101378705015,20.31879997253418,/ztf/archive/sci/2022/1003/378704/ztf_20221003378704_000297_zr_c13_o_q3_scimrefdiffimg.fits.fz,Kulkarni,1,,,,2101,50,297,,,,,,,,,,,,,,,,,,,,,,,,,,,,,,,,,,,,26.2096004486084,2.040979961748235e-05,0.029218599200248718,0.10938700288534164,2.9635899409186095e-05,t17_f5_c3,,,,ZTF22abayewb
2459857.878044,2,2103378045015,20.247400283813477,/ztf/archive/sci/2022/1005/378032/ztf_20221005378032_000297_zr_c13_o_q3_scimrefdiffimg.fits.fz,Kulkarni,1,2.103378045015015e+18,t,5.0,2103,50,297,2099.1201171875,1166.6300048828125,25.1811511,-14.4787765,19.12660026550293,0.13686400651931763,2.076669931411743,19.161399841308594,0.1445000022649765,1.0992200374603271,22.906999588012695,0.30799999833106995,1.0160000324249268,-0.5450000166893005,0.04736899957060814,0.03479500114917755,2.7100000381469727,0.9819999933242798,973.3800048828125,1.0859999656677246,0.9245499968528748,0.7440000176429749,0.6650000214576721,0.2745389938354492,0.245387002825737,1.1188000440597534,3.0,0.0,0.8842859864234924,1.0,19.051599502563477,0.16740000247955322,25.1809408,-14.4790091,16.9941,26.218599319458008,1.544719998491928e-05,0.02551399916410446,0.11171499639749527,2.2232799892663024e-05,t17_f5_c3,,,,ZTF22abayewb
2459859.8159259,2,2105315925015,19.421100616455078,/ztf/archive/sci/2022/1007/315926/ztf_20221007315926_000297_zr_c13_o_q3_scimrefdiffimg.fits.fz,Kulkarni,1,2.105315925015015e+18,t,3.0,2105,50,297,2101.110107421875,1190.25,25.1810901,-14.4788728,19.454200744628906,0.178057000041008,1.1624300479888916,19.351200103759766,0.3695000112056732,0.7064260244369507,22.906999588012695,0.30799999833106995,1.0160000324249268,-0.5450000166893005,-0.40994301438331604,-0.1029520034790039,2.880000114440918,0.9980000257492065,971.3900146484375,0.06987400352954865,0.8540760278701782,0.9959999918937683,0.9240000247955322,0.3458330035209656,0.3208329975605011,1.0779199600219727,5.0,0.0,0.6414290070533752,0.939965009689331,19.205799102783203,0.41519999504089355,25.1809408,-14.4790091,7.74163,26.225200653076172,2.1916799596510828e-05,0.030504699796438217,0.11636900156736374,3.164499867125414e-05,t17_f5_c3,,,,ZTF22abayewb
2459859.9586921,1,2105458695015,19.40679931640625,/ztf/archive/sci/2022/1007/458681/ztf_20221007458681_000297_zg_c13_o_q3_scimrefdiffimg.fits.fz,Kulkarni,1,,,,2105,50,297,,,,,,,,,,,,,,,,,,,,,,,,,,,,,,,,,,,,26.14069938659668,3.959079913329333e-05,0.03790479898452759,-0.00960864033550024,6.869259959785268e-05,t17_f5_c3,,,,ZTF22abayewb
2459861.835544,2,2107335545015,18.82740020751953,/ztf/archive/sci/2022/1009/335532/ztf_20221009335532_000297_zr_c13_o_q3_scimrefdiffimg.fits.fz,Kulkarni,1,,,,2107,50,297,,,,,,,,,,,,,,,,,,,,,,,,,,,,,,,,,,,,26.311599731445312,8.777489711064845e-05,0.05644280090928078,0.10944399982690811,0.00013033399591222405,t17_f5_c3,,,,ZTF22abayewb
2459861.8782639,1,2107378265015,18.49329948425293,/ztf/archive/sci/2022/1009/378264/ztf_20221009378264_000297_zg_c13_o_q3_scimrefdiffimg.fits.fz,Kulkarni,1,,,,2107,50,297,,,,,,,,,,,,,,,,,,,,,,,,,,,,,,,,,,,,26.267200469970703,0.00015598800382576883,0.04771219938993454,-0.018900299444794655,0.0003292179899290204,t17_f5_c3,,,,ZTF22abayewb
2459863.8565509,2,2109356555015,18.896799087524414,/ztf/archive/sci/2022/1011/356551/ztf_20221011356551_000297_zr_c13_o_q3_scimrefdiffimg.fits.fz,Kulkarni,1,2.1093565550150152e+18,t,65.0,2109,50,297,2094.010009765625,1189.300048828125,25.1810507,-14.4787251,19.247900009155273,0.2212969958782196,0.6943359971046448,19.317899703979492,0.6320000290870667,1.0782599449157715,22.906999588012695,0.30799999833106995,1.0160000324249268,-0.5450000166893005,-1.5123200416564941,0.07001099735498428,1.1266900300979614,0.7440000176429749,978.4869995117188,-0.42114898562431335,2.0,0.5730000138282776,0.5529999732971191,0.5085690021514893,0.49081799387931824,1.0361700057983398,8.0,0.0,0.47999998927116394,0.796314001083374,19.25429916381836,0.7669000029563904,25.1809408,-14.4790091,5.53623,26.20789909362793,7.162910333136097e-05,0.05216899886727333,0.1148580014705658,0.00010581599781289697,t17_f5_c3,,,,ZTF22abayewb
2459865.7613079,1,2111261305015,19.31130027770996,/ztf/archive/sci/2022/1013/261296/ztf_20221013261296_000297_zg_c13_o_q3_scimrefdiffimg.fits.fz,Kulkarni,1,,,,2111,50,297,,,,,,,,,,,,,,,,,,,,,,,,,,,,,,,,,,,,26.23040008544922,5.343860175344162e-05,0.04238450154662132,-0.01636509969830513,9.82509009190835e-05,t17_f5_c3,,,,ZTF22abayewb
2459865.8159259,2,2111315925015,19.375200271606445,/ztf/archive/sci/2022/1013/315914/ztf_20221013315914_000297_zr_c13_o_q3_scimrefdiffimg.fits.fz,Kulkarni,1,2.111315925015015e+18,t,2.0,2111,50,297,2093.2900390625,1203.8199462890625,25.1811476,-14.4788425,19.671300888061523,0.2553179860115051,0.8537129759788513,19.461999893188477,0.3553999960422516,0.9260849952697754,22.906999588012695,0.30799999833106995,1.0160000324249268,-0.5450000166893005,0.015062999911606312,-0.2092999964952469,1.4782400131225586,0.8930000066757202,979.2150268554688,-0.08683200180530548,2.0,1.2200000286102295,1.0740000009536743,0.8253070116043091,0.7265409827232361,1.1359399557113647,1.0,0.0,0.3100000023841858,1.0,19.417800903320312,0.43860000371932983,25.1809408,-14.4790091,5.66013,26.253299713134766,3.212309820810333e-05,0.03707779943943024,0.11901000142097473,4.648149842978455e-05,t17_f5_c3,,,,ZTF22abayewb
2459867.8159259,2,2113315925015,19.422199249267578,/ztf/archive/sci/2022/1015/315926/ztf_20221015315926_000297_zr_c13_o_q3_scimrefdiffimg.fits.fz,Kulkarni,1,2.1133159250150152e+18,t,70.0,2113,50,297,2100.02001953125,1201.1300048828125,25.1810546,-14.478734,19.447099685668945,0.19362199306488037,0.91839200258255,19.498699188232422,0.3621000051498413,1.0534499883651733,22.906999588012695,0.30799999833106995,1.0160000324249268,-0.5450000166893005,0.6691820025444031,0.05164799839258194,3.640000104904175,0.9660000205039978,972.4829711914062,-0.07649999856948853,0.7908099889755249,0.8460000157356262,0.7680000066757202,0.2324180006980896,0.21098899841308594,1.1015599966049194,1.0,0.0,0.642857015132904,1.0,18.956600189208984,0.2827000021934509,25.1809408,-14.4790091,7.49435,26.113100051879883,7.157280197134241e-05,0.05510690063238144,0.10030200332403183,0.0001030369967338629,t17_f5_c3,,,,ZTF22abayewb
2459870.8600231,1,2116360025015,19.972200393676758,/ztf/archive/sci/2022/1018/360012/ztf_20221018360012_000297_zg_c13_o_q3_scimrefdiffimg.fits.fz,Kulkarni,1,2.116360025015015e+18,t,5.0,2116,50,297,2083.7099609375,1201.989990234375,25.181175,-14.478716,20.37779998779297,0.33911800384521484,0.8666970133781433,21.33609962463379,1.191499948501587,2.073270082473755,22.611000061035156,0.25999999046325684,0.9269999861717224,-0.3889999985694885,0.05947300046682358,0.9583200216293335,2.3499999046325684,0.878000020980835,988.7949829101562,-1.3639299869537354,1.2155400514602661,0.7720000147819519,0.6700000166893005,0.32851099967956543,0.28510600328445435,1.1522400379180908,5.0,0.0,0.5957139730453491,0.9888049960136414,20.66119956970215,0.8240000009536743,25.180861,-14.4792138,6.10406,26.287799835205078,2.8001799364574254e-05,0.03448430076241493,-0.024401700124144554,4.283299858798273e-05,t17_f5_c3,,,,ZTF22abayewb
2459870.8828241,2,2116382825015,20.04829978942871,/ztf/archive/sci/2022/1018/382812/ztf_20221018382812_000297_zr_c13_o_q3_scimrefdiffimg.fits.fz,Kulkarni,1,2.116382825015015e+18,t,1.0,2116,50,297,2083.179931640625,1200.47998046875,25.1811559,-14.4788464,19.802499771118164,0.18772000074386597,1.140220046043396,19.903400421142578,0.3377000093460083,0.9393569827079773,22.906999588012695,0.30799999833106995,1.0160000324249268,-0.5450000166893005,0.31633099913597107,0.10091699659824371,2.4700000286102295,0.9950000047683716,989.3200073242188,0.1448799967765808,1.0214999914169312,0.9390000104904175,0.7680000066757202,0.38016200065612793,0.310930997133255,1.222659945487976,6.0,0.0,0.7171429991722107,0.8743159770965576,19.86639976501465,0.41940000653266907,25.1809408,-14.4790091,8.92214,26.241500854492188,1.4334499610413332e-05,0.02489279955625534,0.10678499937057495,2.0772900825249963e-05,t17_f5_c3,,,,ZTF22abayewb
2459870.8600231,1,2116360025015,19.972200393676758,/ztf/archive/sci/2022/1018/360012/ztf_20221018360012_000297_zg_c13_o_q3_scimrefdiffimg.fits.fz,Kulkarni,1,2.116360025015015e+18,1,5.0,2116,50,297,2083.7099609375,1201.989990234375,25.181175,-14.478716,20.37779998779297,0.33911800384521484,0.8666970133781433,21.33609962463379,1.191499948501587,2.073270082473755,22.611000061035156,0.25999999046325684,0.9269999861717224,-0.3889999985694885,0.05947300046682358,0.9583200216293335,2.3499999046325684,0.878000020980835,988.7949829101562,-1.3639299869537354,1.2155400514602661,0.7720000147819519,0.6700000166893005,0.32851099967956543,0.28510600328445435,1.1522400379180908,5.0,0.0,0.5957139730453491,0.9888049960136414,20.66119956970215,0.8240000009536743,25.180861,-14.4792138,6.10406,26.287799835205078,2.8001799364574254e-05,0.03448430076241493,-0.024401700124144554,4.283299858798273e-05,t17_f5_c3,,,,ZTF22abayewb
2459872.8564583,2,2118356455015,20.016399383544922,/ztf/archive/sci/2022/1020/356447/ztf_20221020356447_000297_zr_c13_o_q3_scimrefdiffimg.fits.fz,Kulkarni,1,2.118356455015015e+18,t,2.0,2118,50,297,2091.409912109375,1189.1300048828125,25.1810671,-14.4787768,19.901199340820312,0.17347000539302826,1.092810034751892,19.814300537109375,0.319599986076355,0.9330750107765198,22.906999588012695,0.30799999833106995,1.0160000324249268,-0.5450000166893005,0.09246999770402908,-0.08687900006771088,2.059999942779541,0.9539999961853027,981.093994140625,0.20212699472904205,1.2260299921035767,0.8389999866485596,0.781000018119812,0.4072819948196411,0.37912601232528687,1.0742599964141846,1.0,0.0,0.7771430015563965,1.0,19.805999755859375,0.4075999855995178,25.1809408,-14.4790091,8.34072,26.261199951171875,1.5435000022989698e-05,0.02554430067539215,0.10605400055646896,2.2275200535659678e-05,t17_f5_c3,,,,ZTF22abayewb
2459874.7140972,1,2120214095015,20.238000869750977,/ztf/archive/sci/2022/1022/214086/ztf_20221022214086_000297_zg_c13_o_q3_scimrefdiffimg.fits.fz,Kulkarni,1,2.120214095015015e+18,t,6.0,2120,50,297,2091.1298828125,1187.8800048828125,25.1812032,-14.4787354,20.587499618530273,0.3637549877166748,0.9835289716720581,20.14150047302246,0.31369999051094055,2.0687499046325684,22.611000061035156,0.25999999046325684,0.9269999861717224,-0.3889999985694885,0.07386700063943863,-0.4459500014781952,1.4249399900436401,0.5649999976158142,981.364990234375,0.09654399752616882,2.0,0.8519999980926514,0.718999981880188,0.5979200005531311,0.5045819878578186,1.184980034828186,6.0,0.0,0.30000001192092896,0.8583300113677979,20.355899810791016,0.4900999963283539,25.180861,-14.4792138,6.24343,26.175399780273438,3.9218299207277596e-05,0.040770601481199265,-0.059348899871110916,5.9926300309598446e-05,t17_f5_c3,,,,ZTF22abayewb
2459874.8172801,2,2120317285015,20.323299407958984,/ztf/archive/sci/2022/1022/317269/ztf_20221022317269_000297_zr_c13_o_q3_scimrefdiffimg.fits.fz,Kulkarni,1,2.120317285015015e+18,t,6.0,2120,50,297,2105.7099609375,1201.97998046875,25.1812732,-14.4787936,20.015399932861328,0.15930500626564026,1.1477299928665161,19.728900909423828,0.2054000049829483,1.3789399862289429,22.906999588012695,0.30799999833106995,1.0160000324249268,-0.5450000166893005,0.24446600675582886,-0.286514014005661,3.2200000286102295,0.9319999814033508,966.7940063476562,0.5943940281867981,0.8563740253448486,1.0520000457763672,0.9330000281333923,0.32670798897743225,0.2897520065307617,1.1275500059127808,6.0,0.0,0.548570990562439,0.9922159910202026,19.87470054626465,0.3009999990463257,25.1809408,-14.4790091,11.4119,26.275400161743164,1.0013300197897479e-05,0.020639199763536453,0.08667360246181488,1.447849990654504e-05,t17_f5_c3,,,,ZTF22abayewb
2459877.7741435,1,2123274145015,20.12179946899414,/ztf/archive/sci/2022/1025/274144/ztf_20221025274144_000297_zg_c13_o_q3_scimrefdiffimg.fits.fz,Kulkarni,1,,,,2123,50,297,,,,,,,,,,,,,,,,,,,,,,,,,,,,,,,,,,,,26.289499282836914,3.707069845404476e-05,0.039539698511362076,-0.02115520089864731,5.741009954363108e-05,t17_f5_c3,,,,ZTF22abayewb
2459877.8357755,2,2123335775015,20.025800704956055,/ztf/archive/sci/2022/1025/335764/ztf_20221025335764_000297_zr_c13_o_q3_scimrefdiffimg.fits.fz,Kulkarni,1,2.123335775015015e+18,t,3.0,2123,50,297,2073.659912109375,1207.7099609375,25.181058,-14.4788828,20.098899841308594,0.1984730064868927,1.230329990386963,19.690399169921875,0.26919999718666077,0.6036509871482849,22.906999588012695,0.30799999833106995,1.0160000324249268,-0.5450000166893005,-0.10519400238990784,-0.40851399302482605,2.9200000762939453,0.796999990940094,998.8389892578125,0.33540499210357666,0.9108200073242188,0.878000020980835,0.8069999814033508,0.30068498849868774,0.27636998891830444,1.087980031967163,5.0,0.0,0.45571398735046387,1.0,19.6112003326416,0.3212999999523163,25.1809408,-14.4790091,7.2664,26.256900787353516,1.4725999790243804e-05,0.025381699204444885,0.11217399686574936,2.1440300770336762e-05,t17_f5_c3,,,,ZTF22abayewb
2459879.8327894,1,2125332785015,19.94339942932129,/ztf/archive/sci/2022/1027/332789/ztf_20221027332789_000297_zg_c13_o_q3_scimrefdiffimg.fits.fz,Kulkarni,1,,,,2125,50,297,,,,,,,,,,,,,,,,,,,,,,,,,,,,,,,,,,,,26.26759910583496,4.839100074605085e-05,0.04379519820213318,-0.021364200860261917,8.104790322249755e-05,t17_f5_c3,,,,ZTF22abayewb
2459879.8562384,2,2125356235015,19.84429931640625,/ztf/archive/sci/2022/1027/356227/ztf_20221027356227_000297_zr_c13_o_q3_scimrefdiffimg.fits.fz,Kulkarni,1,2.125356235015015e+18,t,3.0,2125,50,297,2068.780029296875,1236.8699951171875,25.1810942,-14.4788631,19.73509979248047,0.1788710057735443,0.6896880269050598,19.364299774169922,0.20010000467300415,0.7403730154037476,22.906999588012695,0.30799999833106995,1.0160000324249268,-0.5450000166893005,-0.24680200219154358,-0.3707999885082245,2.9200000762939453,0.9330000281333923,1003.719970703125,0.4800019860267639,1.0742499828338623,1.4079999923706055,1.3329999446868896,0.4821920096874237,0.45650699734687805,1.0562599897384644,2.0,0.0,0.3100000023841858,1.0,19.32040023803711,0.24650000035762787,25.1809408,-14.4790091,8.91474,26.23310089111328,1.939739922818262e-05,0.028831999748945236,0.12323000282049179,2.8154599931440316e-05,t17_f5_c3,,,,ZTF22abayewb
2459874.7140972,1,2120214095015,20.238000869750977,/ztf/archive/sci/2022/1022/214086/ztf_20221022214086_000297_zg_c13_o_q3_scimrefdiffimg.fits.fz,Kulkarni,1,2.120214095015015e+18,1,6.0,2120,50,297,2091.1298828125,1187.8800048828125,25.1812032,-14.4787354,20.587499618530273,0.3637549877166748,0.9835289716720581,20.14150047302246,0.31369999051094055,2.0687499046325684,22.611000061035156,0.25999999046325684,0.9269999861717224,-0.3889999985694885,0.07386700063943863,-0.4459500014781952,1.4249399900436401,0.5649999976158142,981.364990234375,0.09654399752616882,2.0,0.8519999980926514,0.718999981880188,0.5979200005531311,0.5045819878578186,1.184980034828186,6.0,0.0,0.30000001192092896,0.8583300113677979,20.355899810791016,0.4900999963283539,25.180861,-14.4792138,6.24343,26.175399780273438,3.9218299207277596e-05,0.040770601481199265,-0.059348899871110916,5.9926300309598446e-05,t17_f5_c3,,,,ZTF22abayewb
2459824.8765972,2,2070376595015,20.26449966430664,/ztf/archive/sci/2022/0902/376597/ztf_20220902376597_000297_zr_c13_o_q3_scimrefdiffimg.fits.fz,Kulkarni,1,2.070376595015015e+18,t,7.0,2070,50,297,2092.110107421875,1164.1800537109375,25.1811448,-14.4787935,17.858800888061523,0.05172400176525116,5.1771697998046875,17.816299438476562,0.0414000004529953,1.03957998752594,22.906999588012695,0.30799999833106995,1.0160000324249268,-0.5450000166893005,-0.0919329971075058,-0.04247099906206131,2.4600000381469727,0.9829999804496765,980.3889770507812,2.4481899738311768,1.0577199459075928,0.8119999766349792,0.6669999957084656,0.3300809860229492,0.2711380124092102,1.2173899412155151,4.0,0.0,0.8685709834098816,0.9852280020713806,17.821800231933594,0.052400000393390656,25.1809408,-14.4790091,27.2439,26.142799377441406,1.2784399586962536e-05,0.02329069934785366,0.09961040318012238,1.8479999198461883e-05,t17_f5_c3,,,,ZTF22abayewb
2459824.916331,1,2070416335015,20.540300369262695,/ztf/archive/sci/2022/0902/416319/ztf_20220902416319_000297_zg_c13_o_q3_scimrefdiffimg.fits.fz,Kulkarni,1,2.070416335015015e+18,t,4.0,2070,50,297,2098.919921875,1169.0400390625,25.1811573,-14.4787752,17.726200103759766,0.05611399933695793,3.2520699501037598,17.71179962158203,0.03189999982714653,1.8577300310134888,22.611000061035156,0.25999999046325684,0.9269999861717224,-0.3889999985694885,0.2511039972305298,-0.014375999569892883,2.180000066757202,0.9760000109672546,973.5830078125,2.82846999168396,1.1247800588607788,0.7710000276565552,0.7300000190734863,0.35367000102996826,0.33486199378967285,1.0561599731445312,1.0,0.0,0.9414290189743042,1.0,17.741300582885742,0.04089999943971634,25.180861,-14.4792138,32.2592,26.166200637817383,3.498839942039922e-05,0.0384845994412899,-0.05890509858727455,5.0674800149863586e-05,t17_f5_c3,,,,ZTF22abayewb
2459826.8578935,1,2072357895015,19.213899612426758,/ztf/archive/sci/2022/0904/357894/ztf_20220904357894_000297_zg_c13_o_q3_scimrefdiffimg.fits.fz,Kulkarni,1,2.072357895015015e+18,t,6.0,2072,50,297,2100.080078125,1165.18994140625,25.1811254,-14.4787847,17.780799865722656,0.08948499709367752,1.4813300371170044,17.674400329589844,0.08550000190734863,1.7761499881744385,22.611000061035156,0.25999999046325684,0.9269999861717224,-0.3889999985694885,0.12834100425243378,-0.10637400299310684,2.5,0.9810000061988831,972.4180297851562,1.5395100116729736,1.1292599439620972,0.9120000004768372,0.8410000205039978,0.36480000615119934,0.33640000224113464,1.0844199657440186,1.0,0.0,0.9185709953308105,1.0,17.66939926147461,0.10830000042915344,25.180861,-14.4792138,20.4151,25.190799713134766,0.0007788839866407216,0.1583860069513321,0.0013575099874287844,0.0014247599756345153,t17_f5_c3,8.0,21.200000762939453,396018,ZTF22abayewb
2459828.9606134,1,2074460615015,20.117000579833984,/ztf/archive/sci/2022/0906/460567/ztf_20220906460567_000297_zg_c13_o_q3_scimrefdiffimg.fits.fz,Kulkarni,1,2.074460615015015e+18,t,12.0,2074,50,297,2121.090087890625,1184.469970703125,25.1811527,-14.478847,17.989099502563477,0.08266499638557434,2.2666499614715576,17.864299774169922,0.042100001126527786,1.6458100080490112,22.611000061035156,0.25999999046325684,0.9269999861717224,-0.3889999985694885,-0.28680598735809326,-0.12476900219917297,3.819999933242798,0.906000018119812,951.406982421875,2.2526700496673584,0.7970880270004272,1.2669999599456787,1.1009999513626099,0.3316749930381775,0.28821998834609985,1.1507699489593506,1.0,0.0,0.745714008808136,1.0,17.79789924621582,0.05009999871253967,25.180861,-14.4792138,34.2808,26.186100006103516,4.609809911926277e-05,0.043414101004600525,-0.022293999791145325,7.319550059037283e-05,t17_f5_c3,,,,ZTF22abayewb
2459818.9400463,2,2064440045015,20.209800720214844,/ztf/archive/sci/2022/0827/440046/ztf_20220827440046_000297_zr_c13_o_q3_scimrefdiffimg.fits.fz,Kulkarni,1,2.064440045015015e+18,t,4.0,2064,50,297,2116.72998046875,1187.9000244140625,25.1811546,-14.4787908,17.827899932861328,0.054575998336076736,5.954639911651611,17.85460090637207,0.04340000078082085,1.0697100162506104,22.906999588012695,0.30799999833106995,1.0160000324249268,-0.5450000166893005,0.20420899987220764,0.02665800042450428,2.6700000762939453,0.9829999804496765,955.7659912109375,2.355210065841675,1.004080057144165,0.8560000061988831,0.7749999761581421,0.3205989897251129,0.29026201367378235,1.1045199632644653,1.0,0.0,0.9171429872512817,1.0,17.805099487304688,0.052400000393390656,25.1809408,-14.4790091,37.7069,26.20789909362793,2.2089099729782902e-05,0.030510300770401955,0.11045599728822708,3.209149872418493e-05,t17_f5_c3,,,,ZTF22abayewb
2459818.9615856,1,2064461585015,20.375699996948242,/ztf/archive/sci/2022/0827/461574/ztf_20220827461574_000297_zg_c13_o_q3_scimrefdiffimg.fits.fz,Kulkarni,1,2.064461585015015e+18,t,9.0,2064,50,297,2113.570068359375,1189.8499755859375,25.18117,-14.4787877,17.6471004486084,0.06677500158548355,17.23189926147461,17.611099243164062,0.029500000178813934,1.850950002670288,22.611000061035156,0.25999999046325684,0.9269999861717224,-0.3889999985694885,0.04367399960756302,-0.036010999232530594,2.950000047683716,0.921999990940094,958.9299926757812,2.7646501064300537,0.9501550197601318,1.0839999914169312,0.9459999799728394,0.3674579858779907,0.3206779956817627,1.1458799839019775,0.0,0.0,0.8500000238418579,1.0,17.55109977722168,0.0348999984562397,25.180861,-14.4792138,63.9377,26.23110008239746,4.858100146520883e-05,0.0454866997897625,-0.05680429935455322,7.367930084001273e-05,t17_f5_c3,,,,ZTF22abayewb
2459821.9194444,1,2067419445015,20.30739974975586,/ztf/archive/sci/2022/0830/419444/ztf_20220830419444_000297_zg_c13_o_q3_scimrefdiffimg.fits.fz,Kulkarni,1,2.067419445015015e+18,t,6.0,2067,50,297,2110.1298828125,1161.6700439453125,25.1811562,-14.4788003,17.604700088500977,0.07420100271701813,11.219799995422363,17.57430076599121,0.03200000151991844,1.7869999408721924,22.611000061035156,0.25999999046325684,0.9269999861717224,-0.3889999985694885,-0.04756699874997139,-0.030445000156760216,2.890000104904175,0.9629999995231628,962.3729858398438,2.733109951019287,0.9053639769554138,1.0420000553131104,0.8610000014305115,0.3605540096759796,0.2979240119457245,1.2102199792861938,0.0,0.0,0.7942860126495361,1.0,17.528400421142578,0.03849999979138374,25.180861,-14.4792138,33.7983,26.255699157714844,4.504390017245896e-05,0.04372959956526756,-0.04945150017738342,6.806250166846439e-05,t17_f5_c3,,,,ZTF22abayewb
2459821.9614699,2,2067461465015,20.281299591064453,/ztf/archive/sci/2022/0830/461470/ztf_20220830461470_000297_zr_c13_o_q3_scimrefdiffimg.fits.fz,Kulkarni,1,2.067461465015015e+18,t,7.0,2067,50,297,2113.3798828125,1162.56005859375,25.181146,-14.4787865,17.797000885009766,0.0595409981906414,16.235200881958008,17.762399673461914,0.039500001817941666,1.060829997062683,22.906999588012695,0.30799999833106995,1.0160000324249268,-0.5450000166893005,-0.2329850047826767,-0.034554000943899155,2.5799999237060547,0.9959999918937683,959.1160278320312,2.5188798904418945,0.9876049757003784,0.859000027179718,0.7310000061988831,0.3329460024833679,0.2833330035209656,1.1750999689102173,0.0,0.0,0.9042860269546509,1.0,17.68560028076172,0.04650000110268593,25.1809408,-14.4790091,39.4123,26.222999572753906,1.5295699995476753e-05,0.025221100077033043,0.11713799834251404,2.2262800484895706e-05,t17_f5_c3,,,,ZTF22abayewb
2459848.8142014,2,2094314205015,20.237499237060547,/ztf/archive/sci/2022/0926/314016/ztf_20220926314016_000297_zr_c13_o_q3_scimrefdiffimg.fits.fz,Kulkarni,1,2.094314205015015e+18,1,5.0,2094,50,297,2106.219970703125,1176.77001953125,25.1811539,-14.4787972,18.741100311279297,0.08156599849462509,2.622689962387085,18.844200134277344,0.11169999837875366,1.0516300201416016,22.906999588012695,0.30799999833106995,1.0160000324249268,-0.5450000166893005,0.3360159993171692,0.10312099754810333,2.3499999046325684,0.9829999804496765,966.2839965820312,1.3932900428771973,1.04121994972229,0.765999972820282,0.7419999837875366,0.3259570002555847,0.3157449960708618,1.032349944114685,0.0,0.0,0.9357140064239502,1.0,18.798599243164062,0.1370999962091446,25.1809408,-14.4790091,22.3458,26.21809959411621,1.3365300219447818e-05,0.023730799555778503,0.108364999294281,1.9350400179973803e-05,t17_f5_c3,,,,ZTF22abayewb
2459788.9589352,1,2034458935015,20.260099411010742,/ztf/archive/sci/2022/0728/458843/ztf_20220728458843_000297_zg_c13_o_q3_scimrefdiffimg.fits.fz,Kulkarni,1,,,,2034,50,297,,,,,,,,,,,,,,,,,,,,,,,,,,,,,,,,,,,,26.078399658203125,4.016029924969189e-05,0.04117929935455322,-0.060481101274490356,6.100480095483363e-05,t17_f5_c3,,,,ZTF22abayewb
2459793.898206,2,2039398205015,19.680299758911133,/ztf/archive/sci/2022/0802/398206/ztf_20220802398206_000297_zr_c13_o_q3_scimrefdiffimg.fits.fz,Kulkarni,1,,,,2039,50,297,,,,,,,,,,,,,,,,,,,,,,,,,,,,,,,,,,,,25.788000106811523,0.00033517301199026406,0.11929699778556824,0.057840801775455475,0.0004850389959756285,t17_f5_c3,,,,ZTF22abayewb
2459793.9595833,1,2039459585015,20.339500427246094,/ztf/archive/sci/2022/0802/459583/ztf_20220802459583_000297_zg_c13_o_q3_scimrefdiffimg.fits.fz,Kulkarni,1,,,,2039,50,297,,,,,,,,,,,,,,,,,,,,,,,,,,,,,,,,,,,,26.199899673461914,3.0648701795144007e-05,0.035591401159763336,-0.07014480233192444,4.577029903884977e-05,t17_f5_c3,,,,ZTF22abayewb
2459795.9211806,1,2041421185015,18.256399154663086,/ztf/archive/sci/2022/0804/421181/ztf_20220804421181_000297_zg_c13_o_q3_scimrefdiffimg.fits.fz,Kulkarni,1,,,,2041,50,297,,,,,,,,,,,,,,,,,,,,,,,,,,,,,,,,,,,,24.274799346923828,0.0004043990047648549,0.08290039747953415,-0.04452680051326752,0.0008464659913443029,t17_f5_c3,,,,ZTF22abayewb
2459795.9546875,2,2041454685015,19.970699310302734,/ztf/archive/sci/2022/0804/454688/ztf_20220804454688_000297_zr_c13_o_q3_scimrefdiffimg.fits.fz,Kulkarni,1,,,,2041,50,297,,,,,,,,,,,,,,,,,,,,,,,,,,,,,,,,,,,,25.875200271606445,1.7275200661970302e-05,0.02694530040025711,0.11246699839830399,2.4871000277926214e-05,t17_f5_c3,,,,ZTF22abayewb
2459798.9600463,2,2044460045015,20.24519920349121,/ztf/archive/sci/2022/0807/460046/ztf_20220807460046_000297_zr_c13_o_q3_scimrefdiffimg.fits.fz,Kulkarni,1,,,,2044,50,297,,,,,,,,,,,,,,,,,,,,,,,,,,,,,,,,,,,,26.1914005279541,1.1799699677794706e-05,0.022328199818730354,0.09642639756202698,1.713920028123539e-05,t17_f5_c3,,,,ZTF22abayewb
2459801.9005324,1,2047400535015,19.198699951171875,/ztf/archive/sci/2022/0810/400521/ztf_20220810400521_000297_zg_c13_o_q3_scimrefdiffimg.fits.fz,Kulkarni,1,,,,2047,50,297,,,,,,,,,,,,,,,,,,,,,,,,,,,,,,,,,,,,26.13360023498535,4.336300116847269e-05,0.03666739910840988,-0.0007828689995221794,8.387919660890475e-05,t17_f5_c3,,,,ZTF22abayewb
2459801.940544,2,2047440545015,19.75349998474121,/ztf/archive/sci/2022/0810/440544/ztf_20220810440544_000297_zr_c13_o_q3_scimrefdiffimg.fits.fz,Kulkarni,1,,,,2047,50,297,,,,,,,,,,,,,,,,,,,,,,,,,,,,,,,,,,,,26.18910026550293,2.320380008313805e-05,0.031171699985861778,0.12295900285243988,3.353500142111443e-05,t17_f5_c3,,,,ZTF22abayewb
2459803.9011111,2,2049401115015,19.048500061035156,/ztf/archive/sci/2022/0812/401100/ztf_20220812401100_000297_zr_c13_o_q3_scimrefdiffimg.fits.fz,Kulkarni,1,,,,2049,50,297,,,,,,,,,,,,,,,,,,,,,,,,,,,,,,,,,,,,26.127500534057617,3.4461299946997315e-05,0.03824780136346817,0.11110199987888336,5.049150058766827e-05,t17_f5_c3,,,,ZTF22abayewb
2459803.9549421,1,2049454945015,19.1018009185791,/ztf/archive/sci/2022/0812/454931/ztf_20220812454931_000297_zg_c13_o_q3_scimrefdiffimg.fits.fz,Kulkarni,1,,,,2049,50,297,,,,,,,,,,,,,,,,,,,,,,,,,,,,,,,,,,,,26.21780014038086,4.556409840006381e-05,0.036956898868083954,-0.007356639951467514,8.653900295030326e-05,t17_f5_c3,,,,ZTF22abayewb
2459806.8984028,2,2052398405015,18.978200912475586,/ztf/archive/sci/2022/0815/398333/ztf_20220815398333_000297_zr_c13_o_q3_scimrefdiffimg.fits.fz,Kulkarni,1,,,,2052,50,297,,,,,,,,,,,,,,,,,,,,,,,,,,,,,,,,,,,,26.14459991455078,6.346649752231315e-05,0.05077030137181282,0.11744300276041031,9.277439676225185e-05,t17_f5_c3,,,,ZTF22abayewb
2459808.9201157,2,2054420115015,19.400999069213867,/ztf/archive/sci/2022/0817/420058/ztf_20220817420058_000297_zr_c13_o_q3_scimrefdiffimg.fits.fz,Kulkarni,1,,,,2054,50,297,,,,,,,,,,,,,,,,,,,,,,,,,,,,,,,,,,,,26.162599563598633,2.9995500881341286e-05,0.03522630035877228,0.11663100123405457,4.358130172477104e-05,t17_f5_c3,,,,ZTF22abayewb
2459808.9786458,1,2054478645015,19.623600006103516,/ztf/archive/sci/2022/0817/478646/ztf_20220817478646_000297_zg_c13_o_q3_scimrefdiffimg.fits.fz,Kulkarni,1,2.054478645015015e+18,t,3.0,2054,50,297,2110.800048828125,1178.5,25.1810315,-14.4787764,19.169700622558594,0.1800529956817627,1.9186999797821045,19.161500930786133,0.2728999853134155,1.6616499423980713,22.611000061035156,0.25999999046325684,0.9269999861717224,-0.3889999985694885,0.3415049910545349,-0.008156999945640564,2.390000104904175,0.9829999804496765,961.7000122070312,0.46207401156425476,0.9739850163459778,0.6819999814033508,0.6069999933242798,0.28535598516464233,0.2539750039577484,1.1235599517822266,5.0,0.0,0.8757140040397644,1.0,19.461000442504883,0.46129998564720154,25.180861,-14.4792138,11.5261,26.227699279785156,3.9080001442926005e-05,0.038529299199581146,-0.02298099920153618,6.668920104857534e-05,t17_f5_c3,,,,ZTF22abayewb
2459811.8836111,2,2057383615015,19.92340087890625,/ztf/archive/sci/2022/0820/383600/ztf_20220820383600_000297_zr_c13_o_q3_scimrefdiffimg.fits.fz,Kulkarni,1,2.057383615015015e+18,t,0.0,2057,50,297,2113.580078125,1156.4599609375,25.1811283,-14.4787716,18.537700653076172,0.09043999761343002,4.331089973449707,18.434200286865234,0.09950000047683716,1.0628199577331543,22.906999588012695,0.30799999833106995,1.0160000324249268,-0.5450000166893005,-0.14470000565052032,-0.10353200137615204,2.2699999809265137,0.9829999804496765,958.916015625,1.4892300367355347,1.1070799827575684,0.8169999718666077,0.7720000147819519,0.3599120080471039,0.34008800983428955,1.0582900047302246,3.0,0.0,0.9399999976158142,1.0,18.38409996032715,0.12150000035762787,25.1809408,-14.4790091,23.8719,26.09269905090332,1.7951100744539872e-05,0.027398699894547462,0.10843700170516968,2.604670044092927e-05,t17_f5_c3,,,,ZTF22abayewb
2459811.9615741,1,2057461575015,19.89430046081543,/ztf/archive/sci/2022/0820/461562/ztf_20220820461562_000297_zg_c13_o_q3_scimrefdiffimg.fits.fz,Kulkarni,1,2.057461575015015e+18,t,7.0,2057,50,297,2108.780029296875,1180.0699462890625,25.1811649,-14.4787992,18.3031005859375,0.08989699929952621,2.322540044784546,18.277099609375,0.07280000299215317,1.8077000379562378,22.611000061035156,0.25999999046325684,0.9269999861717224,-0.3889999985694885,0.4022290110588074,-0.025969000533223152,5.0,0.7879999876022339,963.7239990234375,1.6171599626541138,0.6155760288238525,1.2359999418258667,1.0640000104904175,0.24719999730587006,0.21279999613761902,1.1616499423980713,0.0,0.0,0.6757140159606934,1.0,18.25040054321289,0.09059999883174896,25.180861,-14.4792138,27.1249,26.22209930419922,3.8277499697869644e-05,0.03840469941496849,-0.018552299588918686,6.413440132746473e-05,t17_f5_c3,,,,ZTF22abayewb
2459813.9306019,2,2059430605015,20.10770034790039,/ztf/archive/sci/2022/0822/430602/ztf_20220822430602_000297_zr_c13_o_q3_scimrefdiffimg.fits.fz,Kulkarni,1,,,,2059,50,297,,,,,,,,,,,,,,,,,,,,,,,,,,,,,,,,,,,,26.185800552368164,2.0155499441898428e-05,0.02901409938931465,0.0996960997581482,2.9517699658754282e-05,t17_f5_c3,,,,ZTF22abayewb
2459816.9194097,1,2062419405015,20.364900588989258,/ztf/archive/sci/2022/0825/419398/ztf_20220825419398_000297_zg_c13_o_q3_scimrefdiffimg.fits.fz,Kulkarni,1,2.062419405015015e+18,t,9.0,2062,50,297,2107.8701171875,1155.219970703125,25.181142,-14.4787924,17.727699279785156,0.06202000007033348,4.229020118713379,17.739299774169922,0.033799998462200165,1.7831599712371826,22.611000061035156,0.25999999046325684,0.9269999861717224,-0.3889999985694885,0.11655300110578537,0.011613000184297562,2.5799999237060547,0.925000011920929,964.6279907226562,2.625610113143921,1.068809986114502,1.0219999551773071,0.8709999918937683,0.396124005317688,0.3375970125198364,1.173359990119934,0.0,0.0,0.8799999952316284,1.0,17.699199676513672,0.04089999943971634,25.180861,-14.4792138,40.4635,26.176700592041016,5.444309863378294e-05,0.047968000173568726,-0.045830801129341125,8.402849925914779e-05,t17_f5_c3,,,,ZTF22abayewb
2459816.9616088,2,2062461605015,20.42289924621582,/ztf/archive/sci/2022/0825/461609/ztf_20220825461609_000297_zr_c13_o_q3_scimrefdiffimg.fits.fz,Kulkarni,1,,,,2062,50,297,,,,,,,,,,,,,,,,,,,,,,,,,,,,,,,,,,,,26.177600860595703,1.6695399608579464e-05,0.026639599353075027,0.11111699789762497,2.4228500478784554e-05,t17_f5_c3,,,,ZTF22abayewb
2459783.9238079,1,2029423805015,19.93910026550293,/ztf/archive/sci/2022/0723/423796/ztf_20220723423796_000297_zg_c13_o_q3_scimrefdiffimg.fits.fz,Kulkarni,1,,,,2029,50,297,,,,,,,,,,,,,,,,,,,,,,,,,,,,,,,,,,,,25.951099395751953,4.223590076435357e-05,0.041214101016521454,-0.0006199220078997314,6.796389789087698e-05,t17_f5_c3,,,,ZTF22abayewb
2459785.9561921,1,2031456195015,20.2677001953125,/ztf/archive/sci/2022/0725/456169/ztf_20220725456169_000297_zg_c13_o_q3_scimrefdiffimg.fits.fz,Kulkarni,1,,,,2031,50,297,,,,,,,,,,,,,,,,,,,,,,,,,,,,,,,,,,,,25.981599807739258,4.77661014883779e-05,0.04450390115380287,-0.05348360165953636,7.358840230153874e-05,t17_f5_c3,,,,ZTF22abayewb
2459788.9364931,2,2034436495015,20.10740089416504,/ztf/archive/sci/2022/0728/436481/ztf_20220728436481_000297_zr_c13_o_q3_scimrefdiffimg.fits.fz,Kulkarni,1,,,,2034,50,297,,,,,,,,,,,,,,,,,,,,,,,,,,,,,,,,,,,,26.077199935913086,1.5641999198123813e-05,0.02558019943535328,0.10503999888896942,2.270030017825775e-05,t17_f5_c3,,,,ZTF22abayewb
2459821.9194444,1,2067419445015,20.30739974975586,/ztf/archive/sci/2022/0830/419444/ztf_20220830419444_000297_zg_c13_o_q3_scimrefdiffimg.fits.fz,Kulkarni,1,2.067419445015015e+18,1,6.0,2067,50,297,2110.1298828125,1161.6700439453125,25.1811562,-14.4788003,17.604700088500977,0.07420100271701813,11.219799995422363,17.57430076599121,0.03200000151991844,1.7869999408721924,22.611000061035156,0.25999999046325684,0.9269999861717224,-0.3889999985694885,-0.04756699874997139,-0.030445000156760216,2.890000104904175,0.9629999995231628,962.3729858398438,2.733109951019287,0.9053639769554138,1.0420000553131104,0.8610000014305115,0.3605540096759796,0.2979240119457245,1.2102199792861938,0.0,0.0,0.7942860126495361,1.0,17.528400421142578,0.03849999979138374,25.180861,-14.4792138,33.7983,26.255699157714844,4.504390017245896e-05,0.04372959956526756,-0.04945150017738342,6.806250166846439e-05,t17_f5_c3,,,,ZTF22abayewb
2459818.9400463,2,2064440045015,20.209800720214844,/ztf/archive/sci/2022/0827/440046/ztf_20220827440046_000297_zr_c13_o_q3_scimrefdiffimg.fits.fz,Kulkarni,1,2.064440045015015e+18,1,4.0,2064,50,297,2116.72998046875,1187.9000244140625,25.1811546,-14.4787908,17.827899932861328,0.054575998336076736,5.954639911651611,17.85460090637207,0.04340000078082085,1.0697100162506104,22.906999588012695,0.30799999833106995,1.0160000324249268,-0.5450000166893005,0.20420899987220764,0.02665800042450428,2.6700000762939453,0.9829999804496765,955.7659912109375,2.355210065841675,1.004080057144165,0.8560000061988831,0.7749999761581421,0.3205989897251129,0.29026201367378235,1.1045199632644653,1.0,0.0,0.9171429872512817,1.0,17.805099487304688,0.052400000393390656,25.1809408,-14.4790091,37.7069,26.20789909362793,2.2089099729782902e-05,0.030510300770401955,0.11045599728822708,3.209149872418493e-05,t17_f5_c3,,,,ZTF22abayewb
2459811.8836111,2,2057383615015,19.92340087890625,/ztf/archive/sci/2022/0820/383600/ztf_20220820383600_000297_zr_c13_o_q3_scimrefdiffimg.fits.fz,Kulkarni,1,2.057383615015015e+18,1,0.0,2057,50,297,2113.580078125,1156.4599609375,25.1811283,-14.4787716,18.537700653076172,0.09043999761343002,4.331089973449707,18.434200286865234,0.09950000047683716,1.0628199577331543,22.906999588012695,0.30799999833106995,1.0160000324249268,-0.5450000166893005,-0.14470000565052032,-0.10353200137615204,2.2699999809265137,0.9829999804496765,958.916015625,1.4892300367355347,1.1070799827575684,0.8169999718666077,0.7720000147819519,0.3599120080471039,0.34008800983428955,1.0582900047302246,3.0,0.0,0.9399999976158142,1.0,18.38409996032715,0.12150000035762787,25.1809408,-14.4790091,23.8719,26.09269905090332,1.7951100744539872e-05,0.027398699894547462,0.10843700170516968,2.604670044092927e-05,t17_f5_c3,,,,ZTF22abayewb
2459846.8750347,1,2092375035015,20.52549934387207,/ztf/archive/sci/2022/0924/375023/ztf_20220924375023_000297_zg_c13_o_q3_scimrefdiffimg.fits.fz,Kulkarni,1,2.092375035015015e+18,1,9.0,2092,50,297,2090.330078125,1170.25,25.1812233,-14.4788325,19.468700408935547,0.13658000528812408,1.7534899711608887,19.589000701904297,0.1712000072002411,1.842210054397583,22.611000061035156,0.25999999046325684,0.9269999861717224,-0.3889999985694885,0.2835560142993927,0.12029100209474564,2.5399999618530273,0.9670000076293945,982.166015625,0.9365100264549255,0.9561939835548401,0.777999997138977,0.7559999823570251,0.30629900097846985,0.2976379990577698,1.029099941253662,3.0,0.0,0.8857139945030212,0.9955639839172363,19.570600509643555,0.21549999713897705,25.180861,-14.4792138,16.2154,26.30069923400879,3.0365499696927145e-05,0.03600800037384033,-0.05715730041265488,4.443250145413913e-05,t17_f5_c3,,,,ZTF22abayewb
2459824.8765972,2,2070376595015,20.26449966430664,/ztf/archive/sci/2022/0902/376597/ztf_20220902376597_000297_zr_c13_o_q3_scimrefdiffimg.fits.fz,Kulkarni,1,2.070376595015015e+18,1,7.0,2070,50,297,2092.110107421875,1164.1800537109375,25.1811448,-14.4787935,17.858800888061523,0.05172400176525116,5.1771697998046875,17.816299438476562,0.0414000004529953,1.03957998752594,22.906999588012695,0.30799999833106995,1.0160000324249268,-0.5450000166893005,-0.0919329971075058,-0.04247099906206131,2.4600000381469727,0.9829999804496765,980.3889770507812,2.4481899738311768,1.0577199459075928,0.8119999766349792,0.6669999957084656,0.3300809860229492,0.2711380124092102,1.2173899412155151,4.0,0.0,0.8685709834098816,0.9852280020713806,17.821800231933594,0.052400000393390656,25.1809408,-14.4790091,27.2439,26.142799377441406,1.2784399586962536e-05,0.02329069934785366,0.09961040318012238,1.8479999198461883e-05,t17_f5_c3,,,,ZTF22abayewb
2459850.8361343,2,2096336135015,20.047300338745117,/ztf/archive/sci/2022/0928/336123/ztf_20220928336123_000297_zr_c13_o_q3_scimrefdiffimg.fits.fz,Kulkarni,1,2.096336135015015e+18,1,1.0,2096,50,297,2105.909912109375,1181.6199951171875,25.1811865,-14.4788248,18.793800354003906,0.10135000199079514,2.838939905166626,18.668100357055664,0.10779999941587448,1.0734800100326538,22.906999588012695,0.30799999833106995,1.0160000324249268,-0.5450000166893005,-0.21940599381923676,-0.12566299736499786,2.9700000286102295,0.9829999804496765,966.5900268554688,1.3791799545288086,0.8629119992256165,0.9309999942779541,0.781000018119812,0.31346800923347473,0.2629629969596863,1.1920599937438965,0.0,0.0,0.8514289855957031,1.0,18.67169952392578,0.13850000500679016,25.1809408,-14.4790091,20.6045,26.21579933166504,1.7838199710240588e-05,0.02729550004005432,0.11607000231742859,2.5839499357971363e-05,t17_f5_c3,,,,ZTF22abayewb
2459839.8356597,1,2085335655015,20.01609992980957,/ztf/archive/sci/2022/0917/335660/ztf_20220917335660_000297_zg_c13_o_q3_scimrefdiffimg.fits.fz,Kulkarni,1,2.085335655015015e+18,1,4.0,2085,50,297,2087.35009765625,1168.800048828125,25.1811358,-14.4787803,18.77560043334961,0.1312980055809021,2.823430061340332,18.717100143432617,0.11400000005960464,1.8080600500106812,22.611000061035156,0.25999999046325684,0.9269999861717224,-0.3889999985694885,0.2578270137310028,-0.05854799970984459,2.069999933242798,0.9860000014305115,985.1530151367188,1.2989599704742432,1.2581700086593628,0.7730000019073486,0.6949999928474426,0.3734300136566162,0.3357490003108978,1.1122299432754517,1.0,0.0,0.9128569960594177,1.0,18.718900680541992,0.1460999995470047,25.180861,-14.4792138,22.2641,26.287599563598633,2.7105999834020622e-05,0.03346719965338707,-0.03351199999451637,4.23874007537961e-05,t17_f5_c3,,,,ZTF22abayewb
2459824.941169,3,2070441165015,19.807199478149414,/ztf/archive/sci/2022/0902/441157/ztf_20220902441157_000297_zi_c13_o_q3_scimrefdiffimg.fits.fz,Kulkarni,2,2.0704411650150152e+18,t,53.0,2070,50,297,2129.699951171875,1172.1400146484375,25.1811657,-14.4787767,18.600200653076172,0.10287199914455414,2.1085898876190186,18.659299850463867,0.13449999690055847,9.886759757995605,19.232999801635742,0.0860000029206276,3.510999917984009,0.296999990940094,-1.476199984550476,0.05908900126814842,2.0,0.9940000176429749,942.801025390625,1.147879958152771,1.2777199745178223,0.7699999809265137,0.7020000219345093,0.38499999046325684,0.35100001096725464,1.096869945526123,3.0,0.0,0.8428570032119751,0.9815269708633423,18.508800506591797,0.14990000426769257,25.1790872,-14.4806955,15.8764,25.496200561523438,1.305109981331043e-05,0.03579220175743103,0.2006710022687912,5.156940096640028e-05,t17_f5_c3,,,,ZTF22abayewb
2459827.8967477,3,2073396745015,19.73710060119629,/ztf/archive/sci/2022/0905/396620/ztf_20220905396620_000297_zi_c13_o_q3_scimrefdiffimg.fits.fz,Kulkarni,2,,,,2073,50,297,,,,,,,,,,,,,,,,,,,,,,,,,,,,,,,,,,,,25.51020050048828,7.042080142127816e-06,0.02665030024945736,0.1947849988937378,2.725749982346315e-05,t17_f5_c3,,,,ZTF22abayewb
2459844.9239352,3,2090423935015,19.85409927368164,/ztf/archive/sci/2022/0922/423762/ztf_20220922423762_000297_zi_c13_o_q3_scimrefdiffimg.fits.fz,Kulkarni,2,,,,2090,50,297,,,,,,,,,,,,,,,,,,,,,,,,,,,,,,,,,,,,25.618499755859375,6.7415899138723034e-06,0.02597299963235855,0.19061900675296783,2.5751000066520646e-05,t17_f5_c3,,,,ZTF22abayewb
2459847.9601505,3,2093460155015,19.426300048828125,/ztf/archive/sci/2022/0925/459931/ztf_20220925459931_000297_zi_c13_o_q3_scimrefdiffimg.fits.fz,Kulkarni,2,2.093460155015015e+18,t,8.0,2093,50,297,2094.580078125,1181.5,25.181122,-14.4787877,19.151100158691406,0.16844099760055542,1.6748600006103516,19.278600692749023,0.37599998712539673,9.748729705810547,19.232999801635742,0.0860000029206276,3.510999917984009,0.296999990940094,-1.628999948501587,0.12751199305057526,1.1294900178909302,0.9990000128746033,977.9219970703125,0.14771899580955505,2.0,0.625,0.5759999752044678,0.5533480048179626,0.5099650025367737,1.085070013999939,5.0,0.0,0.6171429753303528,0.9256100058555603,19.202800750732422,0.45019999146461487,25.1790872,-14.4806955,8.78009,25.5531005859375,6.366210072883405e-06,0.025440799072384834,0.19225700199604034,2.3714699636911973e-05,t17_f5_c3,,,,ZTF22abayewb
2459853.9008333,3,2099400835015,19.809499740600586,/ztf/archive/sci/2022/1001/400833/ztf_20221001400833_000297_zi_c13_o_q3_scimrefdiffimg.fits.fz,Kulkarni,2,,,,2099,50,297,,,,,,,,,,,,,,,,,,,,,,,,,,,,,,,,,,,,25.609899520874023,1.1257900041528046e-05,0.03359200060367584,0.18896999955177307,4.445109880180098e-05,t17_f5_c3,,,,ZTF22abayewb
2459857.8556829,3,2103355685015,19.563600540161133,/ztf/archive/sci/2022/1005/355683/ztf_20221005355683_000297_zi_c13_o_q3_scimrefdiffimg.fits.fz,Kulkarni,2,,,,2103,50,297,,,,,,,,,,,,,,,,,,,,,,,,,,,,,,,,,,,,25.54840087890625,4.810350219486281e-06,0.022088199853897095,0.18634800612926483,1.8664599338080734e-05,t17_f5_c3,,,,ZTF22abayewb
2459860.8765856,3,2106376585015,18.82900047302246,/ztf/archive/sci/2022/1008/376574/ztf_20221008376574_000297_zi_c13_o_q3_scimrefdiffimg.fits.fz,Kulkarni,2,2.106376585015015e+18,t,2.0,2106,50,297,2084.68994140625,1164.1500244140625,25.1810927,-14.4786853,19.230600357055664,0.3160090148448944,1.423259973526001,19.048599243164062,0.4754999876022339,9.935930252075195,19.232999801635742,0.0860000029206276,3.510999917984009,0.296999990940094,-2.521899938583374,-0.1820089966058731,1.2477099895477295,0.8299999833106995,987.8060302734375,-0.21961399912834167,2.0,0.8949999809265137,0.7519999742507935,0.7173119783401489,0.6027029752731323,1.1901600360870361,4.0,0.0,0.5142859816551208,0.9728720188140869,18.72920036315918,0.4553000032901764,25.1790872,-14.4806955,5.26533,25.577600479125977,7.65348977438407e-06,0.027850499376654625,0.17721199989318848,2.9502800316549838e-05,t17_f5_c3,,,,ZTF22abayewb
2459865.8159259,2,2111315925015,19.375200271606445,/ztf/archive/sci/2022/1013/315914/ztf_20221013315914_000297_zr_c13_o_q3_scimrefdiffimg.fits.fz,Kulkarni,1,2.111315925015015e+18,1,2.0,2111,50,297,2093.2900390625,1203.8199462890625,25.1811476,-14.4788425,19.671300888061523,0.2553179860115051,0.8537129759788513,19.461999893188477,0.3553999960422516,0.9260849952697754,22.906999588012695,0.30799999833106995,1.0160000324249268,-0.5450000166893005,0.015062999911606312,-0.2092999964952469,1.4782400131225586,0.8930000066757202,979.2150268554688,-0.08683200180530548,2.0,1.2200000286102295,1.0740000009536743,0.8253070116043091,0.7265409827232361,1.1359399557113647,1.0,0.0,0.3100000023841858,1.0,19.417800903320312,0.43860000371932983,25.1809408,-14.4790091,5.66013,26.253299713134766,3.212309820810333e-05,0.03707779943943024,0.11901000142097473,4.648149842978455e-05,t17_f5_c3,,,,ZTF22abayewb
2459797.9412037,3,2043441205015,19.672700881958008,/ztf/archive/sci/2022/0806/441204/ztf_20220806441204_000297_zi_c13_o_q3_scimrefdiffimg.fits.fz,Kulkarni,2,,,,2043,50,297,,,,,,,,,,,,,,,,,,,,,,,,,,,,,,,,,,,,25.572999954223633,8.306319614348467e-06,0.029081199318170547,0.18683500587940216,3.164349982398562e-05,t17_f5_c3,,,,ZTF22abayewb
2459801.8807755,3,2047380775015,19.130300521850586,/ztf/archive/sci/2022/0810/380764/ztf_20220810380764_000297_zi_c13_o_q3_scimrefdiffimg.fits.fz,Kulkarni,2,,,,2047,50,297,,,,,,,,,,,,,,,,,,,,,,,,,,,,,,,,,,,,25.492900848388672,7.978470421221573e-06,0.02864000014960766,0.18086999654769897,3.061149982386269e-05,t17_f5_c3,,,,ZTF22abayewb
2459805.8897801,3,2051389785015,18.840900421142578,/ztf/archive/sci/2022/0814/389780/ztf_20220814389780_000297_zi_c13_o_q3_scimrefdiffimg.fits.fz,Kulkarni,2,,,,2051,50,297,,,,,,,,,,,,,,,,,,,,,,,,,,,,,,,,,,,,25.480600357055664,1.7895299606607296e-05,0.04229100048542023,0.18476800620555878,6.891640077810735e-05,t17_f5_c3,,,,ZTF22abayewb
2459809.9381019,3,2055438105015,19.397600173950195,/ztf/archive/sci/2022/0818/438067/ztf_20220818438067_000297_zi_c13_o_q3_scimrefdiffimg.fits.fz,Kulkarni,2,,,,2055,50,297,,,,,,,,,,,,,,,,,,,,,,,,,,,,,,,,,,,,25.499799728393555,6.8278200160420965e-06,0.026067400351166725,0.18944700062274933,2.6671099476516247e-05,t17_f5_c3,,,,ZTF22abayewb
2459812.9435069,3,2058443505015,19.947999954223633,/ztf/archive/sci/2022/0821/443507/ztf_20220821443507_000297_zi_c13_o_q3_scimrefdiffimg.fits.fz,Kulkarni,2,,,,2058,50,297,,,,,,,,,,,,,,,,,,,,,,,,,,,,,,,,,,,,25.524200439453125,8.743229955143761e-06,0.029651600867509842,0.18916399776935577,3.329250102979131e-05,t17_f5_c3,,,,ZTF22abayewb
2459816.8973611,3,2062397365015,19.636699676513672,/ztf/archive/sci/2022/0825/397176/ztf_20220825397176_000297_zi_c13_o_q3_scimrefdiffimg.fits.fz,Kulkarni,2,,,,2062,50,297,,,,,,,,,,,,,,,,,,,,,,,,,,,,,,,,,,,,25.48590087890625,7.700329661020078e-06,0.027983900159597397,0.1931159943342209,2.9810500564053655e-05,t17_f5_c3,,,,ZTF22abayewb
2459824.916331,1,2070416335015,20.540300369262695,/ztf/archive/sci/2022/0902/416319/ztf_20220902416319_000297_zg_c13_o_q3_scimrefdiffimg.fits.fz,Kulkarni,1,2.070416335015015e+18,1,4.0,2070,50,297,2098.919921875,1169.0400390625,25.1811573,-14.4787752,17.726200103759766,0.05611399933695793,3.2520699501037598,17.71179962158203,0.03189999982714653,1.8577300310134888,22.611000061035156,0.25999999046325684,0.9269999861717224,-0.3889999985694885,0.2511039972305298,-0.014375999569892883,2.180000066757202,0.9760000109672546,973.5830078125,2.82846999168396,1.1247800588607788,0.7710000276565552,0.7300000190734863,0.35367000102996826,0.33486199378967285,1.0561599731445312,1.0,0.0,0.9414290189743042,1.0,17.741300582885742,0.04089999943971634,25.180861,-14.4792138,32.2592,26.166200637817383,3.498839942039922e-05,0.0384845994412899,-0.05890509858727455,5.0674800149863586e-05,t17_f5_c3,,,,ZTF22abayewb
