jd,fid,pid,diffmaglim,pdiffimfilename,programpi,programid,nid,rcid,field,magzpsci,magzpsciunc,magzpscirms,clrcoeff,clrcounc,rbversion,candid,isdiffpos,tblid,xpos,ypos,ra,dec,magpsf,sigmapsf,chipsf,magap,sigmagap,distnr,magnr,sigmagnr,chinr,sharpnr,sky,magdiff,fwhm,classtar,mindtoedge,magfromlim,seeratio,aimage,bimage,aimagerat,bimagerat,elong,nneg,nbad,rb,sumrat,magapbig,sigmagapbig,ranr,decnr,scorr,ssdistnr,ssmagnr,ssnamenr,obj_id
2458963.7929745,1,1209292975715,20.35110092163086,/ztf/archive/sci/2020/0424/292963/ztf_20200424292963_000325_zg_c15_o_q2_scimrefdiffimg.fits.fz,Kulkarni,1,1209,57,325,26.17460060119629,4.889890078629833e-06,0.029698200523853302,-0.07872659713029861,1.036079993355088e-05,t17_f5_c3,,,,,,,,,,,,,,,,,,,,,,,,,,,,,,,,,,,,,,,,,,ZTF20abaknoz
2458966.8358796,2,1212335875715,17.101999282836914,/ztf/archive/sci/2020/0427/335868/ztf_20200427335868_000325_zr_c15_o_q2_scimrefdiffimg.fits.fz,Kulkarni,1,1212,57,325,23.449800491333008,0.0002031439944403246,0.0770765021443367,0.0632966011762619,0.0005484619759954512,t17_f5_c3,,,,,,,,,,,,,,,,,,,,,,,,,,,,,,,,,,,,,,,,,,ZTF20abaknoz
2458966.8986806,1,1212398685715,20.340299606323242,/ztf/archive/sci/2020/0427/398495/ztf_20200427398495_000325_zg_c15_o_q2_scimrefdiffimg.fits.fz,Kulkarni,1,1212,57,325,26.145000457763672,4.803599949809723e-06,0.029324499890208244,-0.05212860181927681,1.0278399713570252e-05,t17_f5_c3,,,,,,,,,,,,,,,,,,,,,,,,,,,,,,,,,,,,,,,,,,ZTF20abaknoz
2458969.7498148,1,1215249815715,19.5093994140625,/ztf/archive/sci/2020/0430/249815/ztf_20200430249815_000325_zg_c15_o_q2_scimrefdiffimg.fits.fz,Kulkarni,1,1215,57,325,25.623699188232422,1.694370075711049e-05,0.04956530034542084,-0.025727199390530586,4.2884301365120336e-05,t17_f5_c3,,,,,,,,,,,,,,,,,,,,,,,,,,,,,,,,,,,,,,,,,,ZTF20abaknoz
2458969.8153125,2,1215315315715,17.937299728393555,/ztf/archive/sci/2020/0430/315312/ztf_20200430315312_000325_zr_c15_o_q2_scimrefdiffimg.fits.fz,Kulkarni,1,1215,57,325,24.385400772094727,0.0003787500027101487,0.18504400551319122,0.1064160019159317,0.0008890060125850141,t17_f5_c3,,,,,,,,,,,,,,,,,,,,,,,,,,,,,,,,,,,,,,,,,,ZTF20abaknoz
2458972.7716435,1,1218271645715,19.604299545288086,/ztf/archive/sci/2020/0503/271308/ztf_20200503271308_000325_zg_c15_o_q2_scimrefdiffimg.fits.fz,Kulkarni,1,1218,57,325,26.200899124145508,9.451950063521508e-06,0.03688250109553337,-0.05414320155978203,2.4159400709322654e-05,t17_f5_c3,,,,,,,,,,,,,,,,,,,,,,,,,,,,,,,,,,,,,,,,,,ZTF20abaknoz
2458972.8567477,2,1218356745715,19.792299270629883,/ztf/archive/sci/2020/0503/356736/ztf_20200503356736_000325_zr_c15_o_q2_scimrefdiffimg.fits.fz,Kulkarni,1,1218,57,325,26.126399993896484,3.864020072796848e-06,0.0263838991522789,0.09848050028085709,8.13665974419564e-06,t17_f5_c3,,,,,,,,,,,,,,,,,,,,,,,,,,,,,,,,,,,,,,,,,,ZTF20abaknoz
2458979.7694444,1,1225269445715,19.470399856567383,/ztf/archive/sci/2020/0510/269375/ztf_20200510269375_000325_zg_c15_o_q2_scimrefdiffimg.fits.fz,Kulkarni,1,1225,57,325,26.125,1.1756999811041169e-05,0.038953300565481186,-0.04573940113186836,3.205009852536023e-05,t17_f5_c3,,,,,,,,,,,,,,,,,,,,,,,,,,,,,,,,,,,,,,,,,,ZTF20abaknoz
2458979.8096412,2,1225309645715,19.3218994140625,/ztf/archive/sci/2020/0510/309641/ztf_20200510309641_000325_zr_c15_o_q2_scimrefdiffimg.fits.fz,Kulkarni,1,1225,57,325,26.09000015258789,5.785720077255974e-06,0.0319937989115715,0.0870727002620697,1.219240039063152e-05,t17_f5_c3,,,,,,,,,,,,,,,,,,,,,,,,,,,,,,,,,,,,,,,,,,ZTF20abaknoz
2458987.7493634,1,1233249365715,20.585800170898438,/ztf/archive/sci/2020/0518/249363/ztf_20200518249363_000325_zg_c15_o_q2_scimrefdiffimg.fits.fz,Kulkarni,1,1233,57,325,26.255300521850586,4.324020210333401e-06,0.02791309915482998,-0.08168359845876694,9.22857998375548e-06,t17_f5_c3,1.233249365715015e+18,1,9.0,2082.7900390625,1229.8399658203125,218.8461255,-13.6540817,19.66629981994629,0.12716400623321533,0.9744200110435486,19.632099151611328,0.15410000085830688,1.9541000127792358,20.5049991607666,0.08799999952316284,1.5479999780654907,0.24699999392032623,0.15344500541687012,-0.03420799970626831,2.5299999713897705,0.9750000238418579,989.7130126953125,0.9537270069122314,1.057770013809204,0.8320000171661377,0.7400000095367432,0.3288539946079254,0.29249000549316406,1.1243200302124023,2.0,0.0,0.8585709929466248,1.0,19.651899337768555,0.19979999959468842,218.84573,-13.6536902,16.4205,,,,ZTF20abaknoz
2458987.7493634,1,1233249365715,20.585800170898438,/ztf/archive/sci/2020/0518/249363/ztf_20200518249363_000325_zg_c15_o_q2_scimrefdiffimg.fits.fz,Kulkarni,1,1233,57,325,26.255300521850586,4.324020210333401e-06,0.02791309915482998,-0.08168359845876694,9.22857998375548e-06,t17_f5_c3,1.233249365715015e+18,t,9.0,2082.7900390625,1229.8399658203125,218.8461255,-13.6540817,19.66629981994629,0.12716400623321533,0.9744200110435486,19.632099151611328,0.15410000085830688,1.9541000127792358,20.5049991607666,0.08799999952316284,1.5479999780654907,0.24699999392032623,0.15344500541687012,-0.03420799970626831,2.5299999713897705,0.9750000238418579,989.7130126953125,0.9537270069122314,1.057770013809204,0.8320000171661377,0.7400000095367432,0.3288539946079254,0.29249000549316406,1.1243200302124023,2.0,0.0,0.8585709929466248,1.0,19.651899337768555,0.19979999959468842,218.84573,-13.6536902,16.4205,,,,ZTF20abaknoz
2458987.7938426,2,1233293845715,20.422500610351562,/ztf/archive/sci/2020/0518/293843/ztf_20200518293843_000325_zr_c15_o_q2_scimrefdiffimg.fits.fz,Kulkarni,1,1233,57,325,26.153499603271484,2.223210003649001e-06,0.01995209977030754,0.09471859782934189,4.683300176111516e-06,t17_f5_c3,1.233293845715015e+18,t,15.0,2087.47998046875,1235.050048828125,218.8461131,-13.6541085,19.524499893188477,0.13665400445461273,1.7130000591278076,19.520599365234375,0.1687999963760376,1.5508999824523926,20.884000778198242,0.11699999868869781,1.4800000190734863,0.2460000067949295,0.17088399827480316,-0.0038870000280439854,2.4800000190734863,0.9729999899864197,985.0230102539062,0.9018920063972473,1.0274300575256348,0.7960000038146973,0.7739999890327454,0.32096800208091736,0.3120970129966736,1.0284199714660645,1.0,0.0,0.8899999856948853,1.0,19.593399047851562,0.23000000417232513,218.8463892,-13.6537657,14.5914,,,,ZTF20abaknoz
2458993.7728009,2,1239272805715,19.938499450683594,/ztf/archive/sci/2020/0524/272801/ztf_20200524272801_000325_zr_c15_o_q2_scimrefdiffimg.fits.fz,Kulkarni,1,1239,57,325,26.103500366210938,4.272969817975536e-06,0.027643200010061264,0.09900370240211487,9.015960131364409e-06,t17_f5_c3,1.239272805715015e+18,t,10.0,2083.2900390625,1201.68994140625,218.8460528,-13.6541014,18.548500061035156,0.1078839972615242,2.3764901161193848,18.561599731445312,0.0949999988079071,1.6698700189590454,20.884000778198242,0.11699999868869781,1.4800000190734863,0.2460000067949295,0.017875000834465027,0.013147000223398209,3.259999990463257,0.9819999933242798,989.2100219726562,1.3769299983978271,0.897674024105072,0.9800000190734863,0.8489999771118164,0.3006129860877991,0.2604289948940277,1.1542999744415283,0.0,0.0,0.8714290261268616,1.0,18.590700149536133,0.12439999729394913,218.8463892,-13.6537657,22.5025,,,,ZTF20abaknoz
2458996.6900231,1,1242190025715,20.321199417114258,/ztf/archive/sci/2020/0527/190023/ztf_20200527190023_000325_zg_c15_o_q2_scimrefdiffimg.fits.fz,Kulkarni,1,1242,57,325,26.180700302124023,4.449339940038044e-06,0.028238100931048393,-0.06491100043058395,9.52596019487828e-06,t17_f5_c3,1.242190025715015e+18,1,7.0,2042.6600341796875,1202.7099609375,218.8460782,-13.6540743,18.514699935913086,0.08101200312376022,5.303269863128662,18.524599075317383,0.0737999975681305,1.819700002670288,20.5049991607666,0.08799999952316284,1.5479999780654907,0.24699999392032623,0.17672500014305115,0.009916000068187714,2.240000009536743,1.0,1029.8399658203125,1.7965799570083618,1.1605099439620972,0.7319999933242798,0.6840000152587891,0.32678601145744324,0.3053570091724396,1.070180058479309,2.0,0.0,0.9385709762573242,1.0,18.457500457763672,0.08799999952316284,218.84573,-13.6536902,34.4812,,,,ZTF20abaknoz
2458996.6900231,1,1242190025715,20.321199417114258,/ztf/archive/sci/2020/0527/190023/ztf_20200527190023_000325_zg_c15_o_q2_scimrefdiffimg.fits.fz,Kulkarni,1,1242,57,325,26.180700302124023,4.449339940038044e-06,0.028238100931048393,-0.06491100043058395,9.52596019487828e-06,t17_f5_c3,1.242190025715015e+18,t,7.0,2042.6600341796875,1202.7099609375,218.8460782,-13.6540743,18.514699935913086,0.08101200312376022,5.303269863128662,18.524599075317383,0.0737999975681305,1.819700002670288,20.5049991607666,0.08799999952316284,1.5479999780654907,0.24699999392032623,0.17672500014305115,0.009916000068187714,2.240000009536743,1.0,1029.8399658203125,1.7965799570083618,1.1605099439620972,0.7319999933242798,0.6840000152587891,0.32678601145744324,0.3053570091724396,1.070180058479309,2.0,0.0,0.9385709762573242,1.0,18.457500457763672,0.08799999952316284,218.84573,-13.6536902,34.4812,,,,ZTF20abaknoz
2458996.753287,2,1242253285715,20.208999633789062,/ztf/archive/sci/2020/0527/253287/ztf_20200527253287_000325_zr_c15_o_q2_scimrefdiffimg.fits.fz,Kulkarni,1,1242,57,325,26.133899688720703,2.2804199488746235e-06,0.020124899223446846,0.08984439820051193,4.8513797992200125e-06,t17_f5_c3,1.242253285715015e+18,t,13.0,2064.949951171875,1194.800048828125,218.8460883,-13.6541276,18.517900466918945,0.07718700170516968,2.1916799545288086,18.51259994506836,0.08219999819993973,1.6499600410461426,20.884000778198242,0.11699999868869781,1.4800000190734863,0.2460000067949295,0.28078800439834595,-0.005282000172883272,2.359999895095825,0.9829999804496765,1007.5499877929688,1.6964399814605713,1.076509952545166,0.7730000019073486,0.722000002861023,0.3275420069694519,0.3059319853782654,1.070639967918396,2.0,0.0,0.9700000286102295,1.0,18.482900619506836,0.10170000046491623,218.8463892,-13.6537657,30.1885,18.0,21.399999618530273,527484,ZTF20abaknoz
2458999.7517708,1,1245251775715,19.316699981689453,/ztf/archive/sci/2020/0530/251771/ztf_20200530251771_000325_zg_c15_o_q2_scimrefdiffimg.fits.fz,Kulkarni,1,1245,57,325,26.220300674438477,2.891000076488126e-05,0.04541819915175438,-0.02831830084323883,8.95136981853284e-05,t17_f5_c3,1.245251775715015e+18,1,5.0,2106.949951171875,1169.6800537109375,218.846145,-13.6540906,18.361299514770508,0.12460000067949295,1.4583300352096558,18.34480094909668,0.08429999649524689,2.020900011062622,20.5049991607666,0.08799999952316284,1.5479999780654907,0.24699999392032623,-0.23337900638580322,-0.016459999606013298,8.430000305175781,0.16099999845027924,965.5540161132812,0.9719489812850952,0.5671960115432739,1.75,1.5329999923706055,0.20759199559688568,0.18185099959373474,1.1415499448776245,0.0,0.0,0.2771430015563965,1.0,18.356199264526367,0.1088000014424324,218.84573,-13.6536902,17.4693,,,,ZTF20abaknoz
2458999.7517708,1,1245251775715,19.316699981689453,/ztf/archive/sci/2020/0530/251771/ztf_20200530251771_000325_zg_c15_o_q2_scimrefdiffimg.fits.fz,Kulkarni,1,1245,57,325,26.220300674438477,2.891000076488126e-05,0.04541819915175438,-0.02831830084323883,8.95136981853284e-05,t17_f5_c3,1.245251775715015e+18,t,5.0,2106.949951171875,1169.6800537109375,218.846145,-13.6540906,18.361299514770508,0.12460000067949295,1.4583300352096558,18.34480094909668,0.08429999649524689,2.020900011062622,20.5049991607666,0.08799999952316284,1.5479999780654907,0.24699999392032623,-0.23337900638580322,-0.016459999606013298,8.430000305175781,0.16099999845027924,965.5540161132812,0.9719489812850952,0.5671960115432739,1.75,1.5329999923706055,0.20759199559688568,0.18185099959373474,1.1415499448776245,0.0,0.0,0.2771430015563965,1.0,18.356199264526367,0.1088000014424324,218.84573,-13.6536902,17.4693,,,,ZTF20abaknoz
2458999.7880903,2,1245288095715,19.65559959411621,/ztf/archive/sci/2020/0530/288056/ztf_20200530288056_000325_zr_c15_o_q2_scimrefdiffimg.fits.fz,Kulkarni,1,1245,57,325,26.13920021057129,5.366210189095e-06,0.03092310018837452,0.10065899789333344,1.134509966504993e-05,t17_f5_c3,1.245288095715015e+18,t,7.0,2060.64990234375,1173.1300048828125,218.8461059,-13.6541915,18.51919937133789,0.12150400131940842,1.3409899473190308,18.450300216674805,0.09220000356435776,1.80239999294281,20.884000778198242,0.11699999868869781,1.4800000190734863,0.2460000067949295,-0.6197649836540222,-0.06885799765586853,4.889999866485596,0.9520000219345093,1011.8499755859375,1.2053200006484985,0.7213240265846252,1.347000002861023,1.156999945640564,0.27546000480651855,0.23660500347614288,1.1642199754714966,1.0,0.0,0.5642859935760498,1.0,18.34600067138672,0.10689999908208847,218.8463892,-13.6537657,20.9961,,,,ZTF20abaknoz
2459005.7680671,2,1251268065715,19.073699951171875,/ztf/archive/sci/2020/0605/268067/ztf_20200605268067_000325_zr_c15_o_q2_scimrefdiffimg.fits.fz,Kulkarni,1,1251,57,325,26.183700561523438,8.244330274465028e-06,0.03758379817008972,0.09998500347137451,1.760260056471452e-05,t17_f5_c3,1.251268065715015e+18,t,4.0,2079.35009765625,1224.010009765625,218.8461315,-13.6540978,18.670700073242188,0.14324000477790833,1.3248399496078491,18.537399291992188,0.262800008058548,1.4785100221633911,20.884000778198242,0.11699999868869781,1.4800000190734863,0.2460000067949295,-0.03272800147533417,-0.13329200446605682,1.9800000190734863,0.9810000061988831,993.1500244140625,0.5362619757652283,1.1352399587631226,0.7490000128746033,0.699999988079071,0.37828299403190613,0.353534996509552,1.0700000524520874,5.0,0.0,0.8628569841384888,0.9774730205535889,18.730600357055664,0.4034000039100647,218.8463892,-13.6537657,10.6269,,,,ZTF20abaknoz
2459011.6993056,1,1257199305715,20.302799224853516,/ztf/archive/sci/2020/0611/199028/ztf_20200611199028_000325_zg_c15_o_q2_scimrefdiffimg.fits.fz,Kulkarni,1,1257,57,325,26.10540008544922,5.433410024124896e-06,0.03096899949014187,-0.0631503015756607,1.1730799997167196e-05,t17_f5_c3,1.257199305715015e+18,1,9.0,2080.0,1180.8599853515625,218.8461178,-13.6540969,19.2593994140625,0.11693599820137024,0.9796950221061707,19.422500610351562,0.16349999606609344,1.9769799709320068,20.5049991607666,0.08799999952316284,1.5479999780654907,0.24699999392032623,-0.15601900219917297,0.1630849987268448,2.430000066757202,0.9800000190734863,992.5040283203125,0.8803309798240662,1.1061500310897827,0.7599999904632568,0.6949999928474426,0.3127569854259491,0.28600800037384033,1.0935300588607788,1.0,0.0,0.8999999761581421,1.0,19.485300064086914,0.22089999914169312,218.84573,-13.6536902,18.0581,,,,ZTF20abaknoz
2459011.6993056,1,1257199305715,20.302799224853516,/ztf/archive/sci/2020/0611/199028/ztf_20200611199028_000325_zg_c15_o_q2_scimrefdiffimg.fits.fz,Kulkarni,1,1257,57,325,26.10540008544922,5.433410024124896e-06,0.03096899949014187,-0.0631503015756607,1.1730799997167196e-05,t17_f5_c3,1.257199305715015e+18,t,9.0,2080.0,1180.8599853515625,218.8461178,-13.6540969,19.2593994140625,0.11693599820137024,0.9796950221061707,19.422500610351562,0.16349999606609344,1.9769799709320068,20.5049991607666,0.08799999952316284,1.5479999780654907,0.24699999392032623,-0.15601900219917297,0.1630849987268448,2.430000066757202,0.9800000190734863,992.5040283203125,0.8803309798240662,1.1061500310897827,0.7599999904632568,0.6949999928474426,0.3127569854259491,0.28600800037384033,1.0935300588607788,1.0,0.0,0.8999999761581421,1.0,19.485300064086914,0.22089999914169312,218.84573,-13.6536902,18.0581,,,,ZTF20abaknoz
2459011.7312616,2,1257231265715,20.046600341796875,/ztf/archive/sci/2020/0611/231076/ztf_20200611231076_000325_zr_c15_o_q2_scimrefdiffimg.fits.fz,Kulkarni,1,1257,57,325,26.116600036621094,2.839720082192798e-06,0.022541100159287453,0.08736539632081985,6.018180101818871e-06,t17_f5_c3,1.257231265715015e+18,t,10.0,2097.139892578125,1186.510009765625,218.8461012,-13.6541003,18.926599502563477,0.10777399688959122,2.6488099098205566,19.079700469970703,0.15049999952316284,1.5486199855804443,20.884000778198242,0.11699999868869781,1.4800000190734863,0.2460000067949295,-0.08840300142765045,0.15310999751091003,2.430000066757202,0.9819999933242798,975.3610229492188,0.9669209718704224,1.1022700071334839,0.7710000276565552,0.7149999737739563,0.3172839879989624,0.29423901438713074,1.078320026397705,3.0,0.0,0.9185709953308105,1.0,18.978900909423828,0.1754000037908554,218.8463892,-13.6537657,17.6985,,,,ZTF20abaknoz
2459014.6951968,1,1260195195715,20.314899444580078,/ztf/archive/sci/2020/0614/195197/ztf_20200614195197_000325_zg_c15_o_q2_scimrefdiffimg.fits.fz,Kulkarni,1,1260,57,325,26.28809928894043,4.682350208895514e-06,0.02885420061647892,-0.058595798909664154,9.908379979606252e-06,t17_f5_c3,1.260195195715015e+18,1,8.0,2107.840087890625,1223.7099609375,218.846103,-13.6540936,19.39310073852539,0.11238700151443481,1.5359899997711182,19.568500518798828,0.18029999732971191,1.9278899431228638,20.5049991607666,0.08799999952316284,1.5479999780654907,0.24699999392032623,0.2756730020046234,0.17537300288677216,2.640000104904175,0.9810000061988831,964.655029296875,0.7464370131492615,1.0401699542999268,0.7630000114440918,0.6990000009536743,0.289014995098114,0.26477301120758057,1.0915600061416626,4.0,0.0,0.8771430253982544,1.0,19.625,0.24240000545978546,218.84573,-13.6536902,17.548,,,,ZTF20abaknoz
2459014.6951968,1,1260195195715,20.314899444580078,/ztf/archive/sci/2020/0614/195197/ztf_20200614195197_000325_zg_c15_o_q2_scimrefdiffimg.fits.fz,Kulkarni,1,1260,57,325,26.28809928894043,4.682350208895514e-06,0.02885420061647892,-0.058595798909664154,9.908379979606252e-06,t17_f5_c3,1.260195195715015e+18,t,8.0,2107.840087890625,1223.7099609375,218.846103,-13.6540936,19.39310073852539,0.11238700151443481,1.5359899997711182,19.568500518798828,0.18029999732971191,1.9278899431228638,20.5049991607666,0.08799999952316284,1.5479999780654907,0.24699999392032623,0.2756730020046234,0.17537300288677216,2.640000104904175,0.9810000061988831,964.655029296875,0.7464370131492615,1.0401699542999268,0.7630000114440918,0.6990000009536743,0.289014995098114,0.26477301120758057,1.0915600061416626,4.0,0.0,0.8771430253982544,1.0,19.625,0.24240000545978546,218.84573,-13.6536902,17.548,,,,ZTF20abaknoz
2459014.7310417,2,1260231045715,20.169599533081055,/ztf/archive/sci/2020/0614/231042/ztf_20200614231042_000325_zr_c15_o_q2_scimrefdiffimg.fits.fz,Kulkarni,1,1260,57,325,26.196199417114258,1.3704399862035643e-05,0.04939210042357445,0.08878909796476364,2.905690053012222e-05,t17_f5_c3,1.260231045715015e+18,t,15.0,2066.1298828125,1219.530029296875,218.846073,-13.654094,19.064199447631836,0.11218400299549103,2.136590003967285,19.095300674438477,0.13910000026226044,1.5989999771118164,20.884000778198242,0.11699999868869781,1.4800000190734863,0.2460000067949295,-0.1403989940881729,0.031137999147176743,2.559999942779541,0.9810000061988831,1006.3699951171875,1.0743299722671509,1.0277099609375,0.7929999828338623,0.7300000190734863,0.3097659945487976,0.2851560115814209,1.086300015449524,3.0,0.0,0.9028570055961609,1.0,18.996599197387695,0.1623000055551529,218.8463892,-13.6537657,17.6934,,,,ZTF20abaknoz
2459017.7141088,1,1263214105715,20.5221004486084,/ztf/archive/sci/2020/0617/214109/ztf_20200617214109_000325_zg_c15_o_q2_scimrefdiffimg.fits.fz,Kulkarni,1,1263,57,325,26.288400650024414,4.6934501369833015e-06,0.028798799961805344,-0.08007580041885376,9.878460332402028e-06,t17_f5_c3,1.263214105715015e+18,1,12.0,2110.679931640625,1182.5699462890625,218.8460905,-13.6540576,19.74839973449707,0.14688800275325775,1.4521299600601196,19.870399475097656,0.19550000131130219,1.806980013847351,20.5049991607666,0.08799999952316284,1.5479999780654907,0.24699999392032623,0.016572000458836555,0.12195400148630142,2.559999942779541,0.9940000176429749,961.8189697265625,0.651669979095459,1.082509994506836,0.7670000195503235,0.753000020980835,0.2996090054512024,0.2941409945487976,1.018589973449707,2.0,0.0,0.8514289855957031,1.0,19.774799346923828,0.22840000689029694,218.84573,-13.6536902,13.856,,,,ZTF20abaknoz
2459017.7141088,1,1263214105715,20.5221004486084,/ztf/archive/sci/2020/0617/214109/ztf_20200617214109_000325_zg_c15_o_q2_scimrefdiffimg.fits.fz,Kulkarni,1,1263,57,325,26.288400650024414,4.6934501369833015e-06,0.028798799961805344,-0.08007580041885376,9.878460332402028e-06,t17_f5_c3,1.263214105715015e+18,t,12.0,2110.679931640625,1182.5699462890625,218.8460905,-13.6540576,19.74839973449707,0.14688800275325775,1.4521299600601196,19.870399475097656,0.19550000131130219,1.806980013847351,20.5049991607666,0.08799999952316284,1.5479999780654907,0.24699999392032623,0.016572000458836555,0.12195400148630142,2.559999942779541,0.9940000176429749,961.8189697265625,0.651669979095459,1.082509994506836,0.7670000195503235,0.753000020980835,0.2996090054512024,0.2941409945487976,1.018589973449707,2.0,0.0,0.8514289855957031,1.0,19.774799346923828,0.22840000689029694,218.84573,-13.6536902,13.856,,,,ZTF20abaknoz
2459017.7310417,2,1263231045715,20.247400283813477,/ztf/archive/sci/2020/0617/230856/ztf_20200617230856_000325_zr_c15_o_q2_scimrefdiffimg.fits.fz,Kulkarni,1,1263,57,325,26.19230079650879,3.229710046070977e-06,0.02409759908914566,0.09681790322065353,6.8534900492522866e-06,t17_f5_c3,1.263231045715015e+18,t,11.0,2082.760009765625,1181.6500244140625,218.8460844,-13.6541263,19.24530029296875,0.13699500262737274,1.5342799425125122,19.27199935913086,0.14069999754428864,1.6665799617767334,20.884000778198242,0.11699999868869781,1.4800000190734863,0.2460000067949295,-0.139833003282547,0.026698000729084015,3.200000047683716,0.9900000095367432,989.7360229492188,0.9753640294075012,0.8933539986610413,0.9470000267028809,0.7900000214576721,0.29593798518180847,0.24687500298023224,1.1987299919128418,1.0,0.0,0.8157140016555786,1.0,19.192800521850586,0.16680000722408295,218.8463892,-13.6537657,15.8118,,,,ZTF20abaknoz
2459020.6940509,1,1266194055715,20.53030014038086,/ztf/archive/sci/2020/0620/194051/ztf_20200620194051_000325_zg_c15_o_q2_scimrefdiffimg.fits.fz,Kulkarni,1,1266,57,325,26.225900650024414,4.635850018530618e-06,0.02859720028936863,-0.0660594031214714,9.86851955531165e-06,t17_f5_c3,1.266194055715015e+18,1,9.0,2116.1201171875,1213.989990234375,218.8460413,-13.6541034,20.083900451660156,0.19277900457382202,0.6872810125350952,19.960800170898438,0.22310000658035278,1.8152799606323242,20.5049991607666,0.08799999952316284,1.5479999780654907,0.24699999392032623,0.17035700380802155,-0.12313300371170044,2.0899999141693115,0.9229999780654907,956.3809814453125,0.5695250034332275,1.2507599592208862,0.7730000019073486,0.6290000081062317,0.36985599994659424,0.30095699429512024,1.2289400100708008,3.0,0.0,0.7385709881782532,1.0,20.176300048828125,0.34709998965263367,218.84573,-13.6536902,11.188,,,,ZTF20abaknoz
2459020.6940509,1,1266194055715,20.53030014038086,/ztf/archive/sci/2020/0620/194051/ztf_20200620194051_000325_zg_c15_o_q2_scimrefdiffimg.fits.fz,Kulkarni,1,1266,57,325,26.225900650024414,4.635850018530618e-06,0.02859720028936863,-0.0660594031214714,9.86851955531165e-06,t17_f5_c3,1.266194055715015e+18,t,9.0,2116.1201171875,1213.989990234375,218.8460413,-13.6541034,20.083900451660156,0.19277900457382202,0.6872810125350952,19.960800170898438,0.22310000658035278,1.8152799606323242,20.5049991607666,0.08799999952316284,1.5479999780654907,0.24699999392032623,0.17035700380802155,-0.12313300371170044,2.0899999141693115,0.9229999780654907,956.3809814453125,0.5695250034332275,1.2507599592208862,0.7730000019073486,0.6290000081062317,0.36985599994659424,0.30095699429512024,1.2289400100708008,3.0,0.0,0.7385709881782532,1.0,20.176300048828125,0.34709998965263367,218.84573,-13.6536902,11.188,,,,ZTF20abaknoz
2459020.7326389,2,1266232635715,20.402099609375,/ztf/archive/sci/2020/0620/232627/ztf_20200620232627_000325_zr_c15_o_q2_scimrefdiffimg.fits.fz,Kulkarni,1,1266,57,325,26.13290023803711,2.4440100787614938e-06,0.020836999639868736,0.09116200357675552,5.156859970156802e-06,t17_f5_c3,1.266232635715015e+18,t,11.0,2111.969970703125,1206.6700439453125,218.8460929,-13.6540974,19.249900817871094,0.11945799738168716,2.0496699810028076,19.084299087524414,0.1193000003695488,1.561519980430603,20.884000778198242,0.11699999868869781,1.4800000190734863,0.2460000067949295,-0.16632699966430664,-0.16557000577449799,2.759999990463257,0.9700000286102295,960.5339965820312,1.3178499937057495,0.893996000289917,0.8080000281333923,0.6890000104904175,0.29275399446487427,0.24963800609111786,1.1727099418640137,2.0,0.0,0.8385710120201111,0.9748089909553528,18.978700637817383,0.1378999948501587,218.8463892,-13.6537657,18.6036,,,,ZTF20abaknoz
